State,AirQualityIndex,Pop,avgCost,registrationCost,registrationNote,costIndex,costRank,groceryCost,housingCost,utilitiesCost,transportationCost,miscCost,homicideRate2017,firearmDeathRate,firearmDeaths,debt,PerCapita,overallRank,higherEducationRank,prek12Rank,EmploymentRateRank,employmentRate,White,Black,Hispanic,American Indian/Alaska Native,Asian,Native Hawaiian/Other Pacific Islander,Two Or More Races,Total,totalHomeless,totalHouseholds,totalVeterans,totalYoungAdults,lowestIncomeTaxBracket,highestIncomeTaxBracket,Growth,rank,Pop2018,Pop2010,growthSince2010,Percent,density,Total Outdoor Recreation Industries,Private industries,Manufacturing,Retail trade,"Finance, insurance, real estate, rental, and leasing","Arts, entertainment, and recreation",Accomodations and food service,All other private industries,Government,averageACTScore,meetingEnglish,meetingReading,meetingMath,meetingScience
Hawaii,21.2,1412687.0,,,,,,,,,,,,,,,,,,,,,,,,,,,,,,,,,,,,,,,,,,,,,,,,,,,,,,,
Alaska,29.1,734002.0,,,,,,,,,,,,,,,,,,,,,,,,,,,,,,,,,,,,,,,,,,,,,,,,,,,,,,,
Washington,33.5,7797095.0,,,,,,,,,,,,,,,,,,,,,,,,,,,,,,,,,,,,,,,,,,,,,,,,,,,,,,,
Oregon,36.1,4301089.0,,,,,,,,,,,,,,,,,,,,,,,,,,,,,,,,,,,,,,,,,,,,,,,,,,,,,,,
Maine,36.5,1345790.0,,,,,,,,,,,,,,,,,,,,,,,,,,,,,,,,,,,,,,,,,,,,,,,,,,,,,,,
Nebraska,37.0,1952570.0,,,,,,,,,,,,,,,,,,,,,,,,,,,,,,,,,,,,,,,,,,,,,,,,,,,,,,,
North Dakota,37.0,761723.0,,,,,,,,,,,,,,,,,,,,,,,,,,,,,,,,,,,,,,,,,,,,,,,,,,,,,,,
Iowa,37.6,3179849.0,,,,,,,,,,,,,,,,,,,,,,,,,,,,,,,,,,,,,,,,,,,,,,,,,,,,,,,
Minnesota,38.3,5700671.0,,,,,,,,,,,,,,,,,,,,,,,,,,,,,,,,,,,,,,,,,,,,,,,,,,,,,,,
Vermont,38.5,628061.0,,,,,,,,,,,,,,,,,,,,,,,,,,,,,,,,,,,,,,,,,,,,,,,,,,,,,,,
Florida,38.9,21992985.0,,,,,,,,,,,,,,,,,,,,,,,,,,,,,,,,,,,,,,,,,,,,,,,,,,,,,,,
Wisconsin,39.5,5851754.0,,,,,,,,,,,,,,,,,,,,,,,,,,,,,,,,,,,,,,,,,,,,,,,,,,,,,,,
Montana,39.6,1086759.0,,,,,,,,,,,,,,,,,,,,,,,,,,,,,,,,,,,,,,,,,,,,,,,,,,,,,,,
South Dakota,39.6,903027.0,,,,,,,,,,,,,,,,,,,,,,,,,,,,,,,,,,,,,,,,,,,,,,,,,,,,,,,
Louisiana,40.4,4645184.0,,,,,,,,,,,,,,,,,,,,,,,,,,,,,,,,,,,,,,,,,,,,,,,,,,,,,,,
New York,40.4,19440469.0,,,,,,,,,,,,,,,,,,,,,,,,,,,,,,,,,,,,,,,,,,,,,,,,,,,,,,,
Texas,41.0,29472295.0,,,,,,,,,,,,,,,,,,,,,,,,,,,,,,,,,,,,,,,,,,,,,,,,,,,,,,,
Massachusetts,41.4,6976597.0,,,,,,,,,,,,,,,,,,,,,,,,,,,,,,,,,,,,,,,,,,,,,,,,,,,,,,,
Nevada,42.1,3139658.0,,,,,,,,,,,,,,,,,,,,,,,,,,,,,,,,,,,,,,,,,,,,,,,,,,,,,,,
New Mexico,42.1,2096640.0,,,,,,,,,,,,,,,,,,,,,,,,,,,,,,,,,,,,,,,,,,,,,,,,,,,,,,,
Michigan,42.5,10045029.0,,,,,,,,,,,,,,,,,,,,,,,,,,,,,,,,,,,,,,,,,,,,,,,,,,,,,,,
Kansas,42.8,2910357.0,,,,,,,,,,,,,,,,,,,,,,,,,,,,,,,,,,,,,,,,,,,,,,,,,,,,,,,
Arkansas,43.1,3038999.0,,,,,,,,,,,,,,,,,,,,,,,,,,,,,,,,,,,,,,,,,,,,,,,,,,,,,,,
Oklahoma,43.5,3954821.0,,,,,,,,,,,,,,,,,,,,,,,,,,,,,,,,,,,,,,,,,,,,,,,,,,,,,,,
Illinois,43.6,12659682.0,,,,,,,,,,,,,,,,,,,,,,,,,,,,,,,,,,,,,,,,,,,,,,,,,,,,,,,
Mississippi,43.7,2989260.0,,,,,,,,,,,,,,,,,,,,,,,,,,,,,,,,,,,,,,,,,,,,,,,,,,,,,,,
Rhode Island,43.7,1056161.0,,,,,,,,,,,,,,,,,,,,,,,,,,,,,,,,,,,,,,,,,,,,,,,,,,,,,,,
Missouri,44.0,6169270.0,,,,,,,,,,,,,,,,,,,,,,,,,,,,,,,,,,,,,,,,,,,,,,,,,,,,,,,
New Jersey,44.1,8936574.0,,,,,,,,,,,,,,,,,,,,,,,,,,,,,,,,,,,,,,,,,,,,,,,,,,,,,,,
Idaho,44.3,1826156.0,,,,,,,,,,,,,,,,,,,,,,,,,,,,,,,,,,,,,,,,,,,,,,,,,,,,,,,
South Carolina,44.8,5210095.0,,,,,,,,,,,,,,,,,,,,,,,,,,,,,,,,,,,,,,,,,,,,,,,,,,,,,,,
Connecticut,45.0,3563077.0,,,,,,,,,,,,,,,,,,,,,,,,,,,,,,,,,,,,,,,,,,,,,,,,,,,,,,,
Virginia,45.0,8626207.0,,,,,,,,,,,,,,,,,,,,,,,,,,,,,,,,,,,,,,,,,,,,,,,,,,,,,,,
Wyoming,45.0,567025.0,,,,,,,,,,,,,,,,,,,,,,,,,,,,,,,,,,,,,,,,,,,,,,,,,,,,,,,
Arizona,45.4,7378494.0,,,,,,,,,,,,,,,,,,,,,,,,,,,,,,,,,,,,,,,,,,,,,,,,,,,,,,,
Pennsylvania,45.6,12820878.0,,,,,,,,,,,,,,,,,,,,,,,,,,,,,,,,,,,,,,,,,,,,,,,,,,,,,,,
California,46.0,39937489.0,,,,,,,,,,,,,,,,,,,,,,,,,,,,,,,,,,,,,,,,,,,,,,,,,,,,,,,
Kentucky,46.1,4499692.0,,,,,,,,,,,,,,,,,,,,,,,,,,,,,,,,,,,,,,,,,,,,,,,,,,,,,,,
Delaware,46.4,982895.0,,,,,,,,,,,,,,,,,,,,,,,,,,,,,,,,,,,,,,,,,,,,,,,,,,,,,,,
North Carolina,46.5,10611862.0,,,,,,,,,,,,,,,,,,,,,,,,,,,,,,,,,,,,,,,,,,,,,,,,,,,,,,,
Alabama,46.6,4908621.0,,,,,,,,,,,,,,,,,,,,,,,,,,,,,,,,,,,,,,,,,,,,,,,,,,,,,,,
District of Columbia,46.8,720687.0,,,,,,,,,,,,,,,,,,,,,,,,,,,,,,,,,,,,,,,,,,,,,,,,,,,,,,,
Maryland,47.0,6083116.0,,,,,,,,,,,,,,,,,,,,,,,,,,,,,,,,,,,,,,,,,,,,,,,,,,,,,,,
Colorado,47.1,5845526.0,,,,,,,,,,,,,,,,,,,,,,,,,,,,,,,,,,,,,,,,,,,,,,,,,,,,,,,
Indiana,47.5,6745354.0,,,,,,,,,,,,,,,,,,,,,,,,,,,,,,,,,,,,,,,,,,,,,,,,,,,,,,,
Tennessee,47.5,6897576.0,,,,,,,,,,,,,,,,,,,,,,,,,,,,,,,,,,,,,,,,,,,,,,,,,,,,,,,
West Virginia,47.6,1778070.0,,,,,,,,,,,,,,,,,,,,,,,,,,,,,,,,,,,,,,,,,,,,,,,,,,,,,,,
Georgia,48.2,10736059.0,,,,,,,,,,,,,,,,,,,,,,,,,,,,,,,,,,,,,,,,,,,,,,,,,,,,,,,
Ohio,48.2,11747694.0,,,,,,,,,,,,,,,,,,,,,,,,,,,,,,,,,,,,,,,,,,,,,,,,,,,,,,,
Utah,51.2,3282115.0,,,,,,,,,,,,,,,,,,,,,,,,,,,,,,,,,,,,,,,,,,,,,,,,,,,,,,,
Michigan,,10045029.0,2484.0,,,,,,,,,,,,,,,,,,,,,,,,,,,,,,,,,,,,,,,,,,,,,,,,,,,,,,
Louisiana,,4645184.0,2190.0,,,,,,,,,,,,,,,,,,,,,,,,,,,,,,,,,,,,,,,,,,,,,,,,,,,,,,
Florida,,21992985.0,1823.0,,,,,,,,,,,,,,,,,,,,,,,,,,,,,,,,,,,,,,,,,,,,,,,,,,,,,,
Connecticut,,3563077.0,1771.0,,,,,,,,,,,,,,,,,,,,,,,,,,,,,,,,,,,,,,,,,,,,,,,,,,,,,,
New York,,19440469.0,1759.0,,,,,,,,,,,,,,,,,,,,,,,,,,,,,,,,,,,,,,,,,,,,,,,,,,,,,,
Kentucky,,4499692.0,1752.0,,,,,,,,,,,,,,,,,,,,,,,,,,,,,,,,,,,,,,,,,,,,,,,,,,,,,,
Nevada,,3139658.0,1746.0,,,,,,,,,,,,,,,,,,,,,,,,,,,,,,,,,,,,,,,,,,,,,,,,,,,,,,
Rhode Island,,1056161.0,1688.0,,,,,,,,,,,,,,,,,,,,,,,,,,,,,,,,,,,,,,,,,,,,,,,,,,,,,,
Delaware,,982895.0,1646.0,,,,,,,,,,,,,,,,,,,,,,,,,,,,,,,,,,,,,,,,,,,,,,,,,,,,,,
Oklahoma,,3954821.0,1643.0,,,,,,,,,,,,,,,,,,,,,,,,,,,,,,,,,,,,,,,,,,,,,,,,,,,,,,
California,,39937489.0,1527.0,,,,,,,,,,,,,,,,,,,,,,,,,,,,,,,,,,,,,,,,,,,,,,,,,,,,,,
Pennsylvania,,12820878.0,1522.0,,,,,,,,,,,,,,,,,,,,,,,,,,,,,,,,,,,,,,,,,,,,,,,,,,,,,,
Wyoming,,567025.0,1494.0,,,,,,,,,,,,,,,,,,,,,,,,,,,,,,,,,,,,,,,,,,,,,,,,,,,,,,
Hawaii,,1412687.0,1458.0,,,,,,,,,,,,,,,,,,,,,,,,,,,,,,,,,,,,,,,,,,,,,,,,,,,,,,
Colorado,,5845526.0,1435.0,,,,,,,,,,,,,,,,,,,,,,,,,,,,,,,,,,,,,,,,,,,,,,,,,,,,,,
Maryland,,6083116.0,1390.0,,,,,,,,,,,,,,,,,,,,,,,,,,,,,,,,,,,,,,,,,,,,,,,,,,,,,,
West Virginia,,1778070.0,1375.0,,,,,,,,,,,,,,,,,,,,,,,,,,,,,,,,,,,,,,,,,,,,,,,,,,,,,,
Arkansas,,3038999.0,1370.0,,,,,,,,,,,,,,,,,,,,,,,,,,,,,,,,,,,,,,,,,,,,,,,,,,,,,,
Arizona,,7378494.0,1353.0,,,,,,,,,,,,,,,,,,,,,,,,,,,,,,,,,,,,,,,,,,,,,,,,,,,,,,
Wisconsin,,5851754.0,1351.0,,,,,,,,,,,,,,,,,,,,,,,,,,,,,,,,,,,,,,,,,,,,,,,,,,,,,,
New Jersey,,8936574.0,1346.0,,,,,,,,,,,,,,,,,,,,,,,,,,,,,,,,,,,,,,,,,,,,,,,,,,,,,,
Georgia,,10736059.0,1340.0,,,,,,,,,,,,,,,,,,,,,,,,,,,,,,,,,,,,,,,,,,,,,,,,,,,,,,
Mississippi,,2989260.0,1323.0,,,,,,,,,,,,,,,,,,,,,,,,,,,,,,,,,,,,,,,,,,,,,,,,,,,,,,
North Dakota,,761723.0,1315.0,,,,,,,,,,,,,,,,,,,,,,,,,,,,,,,,,,,,,,,,,,,,,,,,,,,,,,
Texas,,29472295.0,1300.0,,,,,,,,,,,,,,,,,,,,,,,,,,,,,,,,,,,,,,,,,,,,,,,,,,,,,,
Alabama,,4908621.0,1299.0,,,,,,,,,,,,,,,,,,,,,,,,,,,,,,,,,,,,,,,,,,,,,,,,,,,,,,
Oregon,,4301089.0,1264.0,,,,,,,,,,,,,,,,,,,,,,,,,,,,,,,,,,,,,,,,,,,,,,,,,,,,,,
South Carolina,,5210095.0,1260.0,,,,,,,,,,,,,,,,,,,,,,,,,,,,,,,,,,,,,,,,,,,,,,,,,,,,,,
New Mexico,,2096640.0,1253.0,,,,,,,,,,,,,,,,,,,,,,,,,,,,,,,,,,,,,,,,,,,,,,,,,,,,,,
Kansas,,2910357.0,1242.0,,,,,,,,,,,,,,,,,,,,,,,,,,,,,,,,,,,,,,,,,,,,,,,,,,,,,,
Montana,,1086759.0,1224.0,,,,,,,,,,,,,,,,,,,,,,,,,,,,,,,,,,,,,,,,,,,,,,,,,,,,,,
Tennessee,,6897576.0,1214.0,,,,,,,,,,,,,,,,,,,,,,,,,,,,,,,,,,,,,,,,,,,,,,,,,,,,,,
Vermont,,628061.0,1199.0,,,,,,,,,,,,,,,,,,,,,,,,,,,,,,,,,,,,,,,,,,,,,,,,,,,,,,
Utah,,3282115.0,1199.0,,,,,,,,,,,,,,,,,,,,,,,,,,,,,,,,,,,,,,,,,,,,,,,,,,,,,,
Washington,,7797095.0,1191.0,,,,,,,,,,,,,,,,,,,,,,,,,,,,,,,,,,,,,,,,,,,,,,,,,,,,,,
Massachusetts,,6976597.0,1191.0,,,,,,,,,,,,,,,,,,,,,,,,,,,,,,,,,,,,,,,,,,,,,,,,,,,,,,
Minnesota,,5700671.0,1187.0,,,,,,,,,,,,,,,,,,,,,,,,,,,,,,,,,,,,,,,,,,,,,,,,,,,,,,
Missouri,,6169270.0,1154.0,,,,,,,,,,,,,,,,,,,,,,,,,,,,,,,,,,,,,,,,,,,,,,,,,,,,,,
Nebraska,,1952570.0,1113.0,,,,,,,,,,,,,,,,,,,,,,,,,,,,,,,,,,,,,,,,,,,,,,,,,,,,,,
Alaska,,734002.0,1109.0,,,,,,,,,,,,,,,,,,,,,,,,,,,,,,,,,,,,,,,,,,,,,,,,,,,,,,
New Hampshire,,1371246.0,1101.0,,,,,,,,,,,,,,,,,,,,,,,,,,,,,,,,,,,,,,,,,,,,,,,,,,,,,,
South Dakota,,903027.0,1059.0,,,,,,,,,,,,,,,,,,,,,,,,,,,,,,,,,,,,,,,,,,,,,,,,,,,,,,
Iowa,,3179849.0,1015.0,,,,,,,,,,,,,,,,,,,,,,,,,,,,,,,,,,,,,,,,,,,,,,,,,,,,,,
Illinois,,12659682.0,1004.0,,,,,,,,,,,,,,,,,,,,,,,,,,,,,,,,,,,,,,,,,,,,,,,,,,,,,,
Virginia,,8626207.0,972.0,,,,,,,,,,,,,,,,,,,,,,,,,,,,,,,,,,,,,,,,,,,,,,,,,,,,,,
Indiana,,6745354.0,964.0,,,,,,,,,,,,,,,,,,,,,,,,,,,,,,,,,,,,,,,,,,,,,,,,,,,,,,
North Carolina,,10611862.0,960.0,,,,,,,,,,,,,,,,,,,,,,,,,,,,,,,,,,,,,,,,,,,,,,,,,,,,,,
Ohio,,11747694.0,952.0,,,,,,,,,,,,,,,,,,,,,,,,,,,,,,,,,,,,,,,,,,,,,,,,,,,,,,
Idaho,,1826156.0,941.0,,,,,,,,,,,,,,,,,,,,,,,,,,,,,,,,,,,,,,,,,,,,,,,,,,,,,,
Maine,,1345790.0,925.0,,,,,,,,,,,,,,,,,,,,,,,,,,,,,,,,,,,,,,,,,,,,,,,,,,,,,,
Alabama,,,,24.25,,,,,,,,,,,,,,,,,,,,,,,,,,,,,,,,,,,,,,,,,,,,,,,,,,,,,
Alaska,,,,100.0,,,,,,,,,,,,,,,,,,,,,,,,,,,,,,,,,,,,,,,,,,,,,,,,,,,,,
Arizona,,,,8.0,,,,,,,,,,,,,,,,,,,,,,,,,,,,,,,,,,,,,,,,,,,,,,,,,,,,,
Arkansas,,,,17.0,,,,,,,,,,,,,,,,,,,,,,,,,,,,,,,,,,,,,,,,,,,,,,,,,,,,,
California,,,,86.0,,,,,,,,,,,,,,,,,,,,,,,,,,,,,,,,,,,,,,,,,,,,,,,,,,,,,
Colorado,,,,0.0,Registration fees are based upon the age and weight of the vehicle.,,,,,,,,,,,,,,,,,,,,,,,,,,,,,,,,,,,,,,,,,,,,,,,,,,,,
Connecticut,,,,88.0,,,,,,,,,,,,,,,,,,,,,,,,,,,,,,,,,,,,,,,,,,,,,,,,,,,,,
Delaware,,,,40.0,,,,,,,,,,,,,,,,,,,,,,,,,,,,,,,,,,,,,,,,,,,,,,,,,,,,,
Florida,,,,225.0,,,,,,,,,,,,,,,,,,,,,,,,,,,,,,,,,,,,,,,,,,,,,,,,,,,,,
Georgia,,,,20.0,,,,,,,,,,,,,,,,,,,,,,,,,,,,,,,,,,,,,,,,,,,,,,,,,,,,,
Hawaii,,,,45.0,,,,,,,,,,,,,,,,,,,,,,,,,,,,,,,,,,,,,,,,,,,,,,,,,,,,,
Idaho,,,,69.0,,,,,,,,,,,,,,,,,,,,,,,,,,,,,,,,,,,,,,,,,,,,,,,,,,,,,
Illinois,,,,101.0,,,,,,,,,,,,,,,,,,,,,,,,,,,,,,,,,,,,,,,,,,,,,,,,,,,,,
Indiana,,,,196.0,,,,,,,,,,,,,,,,,,,,,,,,,,,,,,,,,,,,,,,,,,,,,,,,,,,,,
Iowa,,,,0.0,Registration fees are based upon the price and weight of the vehicle.,,,,,,,,,,,,,,,,,,,,,,,,,,,,,,,,,,,,,,,,,,,,,,,,,,,,
Kansas,,,,39.0,,,,,,,,,,,,,,,,,,,,,,,,,,,,,,,,,,,,,,,,,,,,,,,,,,,,,
Kentucky,,,,25.0,,,,,,,,,,,,,,,,,,,,,,,,,,,,,,,,,,,,,,,,,,,,,,,,,,,,,
Louisiana,,,,20.0,,,,,,,,,,,,,,,,,,,,,,,,,,,,,,,,,,,,,,,,,,,,,,,,,,,,,
Maine,,,,35.0,,,,,,,,,,,,,,,,,,,,,,,,,,,,,,,,,,,,,,,,,,,,,,,,,,,,,
Maryland,,,,135.0,,,,,,,,,,,,,,,,,,,,,,,,,,,,,,,,,,,,,,,,,,,,,,,,,,,,,
Massachusetts,,,,60.0,,,,,,,,,,,,,,,,,,,,,,,,,,,,,,,,,,,,,,,,,,,,,,,,,,,,,
Michigan,,,,0.0,Registration fees based on MSRP,,,,,,,,,,,,,,,,,,,,,,,,,,,,,,,,,,,,,,,,,,,,,,,,,,,,
Minnesota,,,,25.0,,,,,,,,,,,,,,,,,,,,,,,,,,,,,,,,,,,,,,,,,,,,,,,,,,,,,
Mississippi,,,,29.0,,,,,,,,,,,,,,,,,,,,,,,,,,,,,,,,,,,,,,,,,,,,,,,,,,,,,
Missouri,,,,18.5,,,,,,,,,,,,,,,,,,,,,,,,,,,,,,,,,,,,,,,,,,,,,,,,,,,,,
Montana,,,,217.0,,,,,,,,,,,,,,,,,,,,,,,,,,,,,,,,,,,,,,,,,,,,,,,,,,,,,
Nebraska,,,,23.8,,,,,,,,,,,,,,,,,,,,,,,,,,,,,,,,,,,,,,,,,,,,,,,,,,,,,
Nevada,,,,34.0,,,,,,,,,,,,,,,,,,,,,,,,,,,,,,,,,,,,,,,,,,,,,,,,,,,,,
New Hampshire,,,,0.0,Registration fees based on MSRP,,,,,,,,,,,,,,,,,,,,,,,,,,,,,,,,,,,,,,,,,,,,,,,,,,,,
New Jersey,,,,59.0,,,,,,,,,,,,,,,,,,,,,,,,,,,,,,,,,,,,,,,,,,,,,,,,,,,,,
New Mexico,,,,27.0,,,,,,,,,,,,,,,,,,,,,,,,,,,,,,,,,,,,,,,,,,,,,,,,,,,,,
New York,,,,48.5,,,,,,,,,,,,,,,,,,,,,,,,,,,,,,,,,,,,,,,,,,,,,,,,,,,,,
North Carolina,,,,36.0,,,,,,,,,,,,,,,,,,,,,,,,,,,,,,,,,,,,,,,,,,,,,,,,,,,,,
North Dakota,,,,49.0,,,,,,,,,,,,,,,,,,,,,,,,,,,,,,,,,,,,,,,,,,,,,,,,,,,,,
Ohio,,,,34.5,,,,,,,,,,,,,,,,,,,,,,,,,,,,,,,,,,,,,,,,,,,,,,,,,,,,,
Oklahoma,,,,96.0,,,,,,,,,,,,,,,,,,,,,,,,,,,,,,,,,,,,,,,,,,,,,,,,,,,,,
Oregon,,,,112.0,,,,,,,,,,,,,,,,,,,,,,,,,,,,,,,,,,,,,,,,,,,,,,,,,,,,,
Pennsylvania,,,,37.0,,,,,,,,,,,,,,,,,,,,,,,,,,,,,,,,,,,,,,,,,,,,,,,,,,,,,
Rhode Island,,,,45.0,,,,,,,,,,,,,,,,,,,,,,,,,,,,,,,,,,,,,,,,,,,,,,,,,,,,,
South Carolina,,,,40.0,,,,,,,,,,,,,,,,,,,,,,,,,,,,,,,,,,,,,,,,,,,,,,,,,,,,,
South Dakota,,,,36.0,,,,,,,,,,,,,,,,,,,,,,,,,,,,,,,,,,,,,,,,,,,,,,,,,,,,,
Tennessee,,,,29.0,,,,,,,,,,,,,,,,,,,,,,,,,,,,,,,,,,,,,,,,,,,,,,,,,,,,,
Texas,,,,51.75,,,,,,,,,,,,,,,,,,,,,,,,,,,,,,,,,,,,,,,,,,,,,,,,,,,,,
Utah,,,,0.0,Registration fees are based upon weight of the vehicle.,,,,,,,,,,,,,,,,,,,,,,,,,,,,,,,,,,,,,,,,,,,,,,,,,,,,
Vermont,,,,76.0,,,,,,,,,,,,,,,,,,,,,,,,,,,,,,,,,,,,,,,,,,,,,,,,,,,,,
Virginia,,,,40.75,,,,,,,,,,,,,,,,,,,,,,,,,,,,,,,,,,,,,,,,,,,,,,,,,,,,,
Washington,,,,30.0,Additional Fees and Taxes Apply,,,,,,,,,,,,,,,,,,,,,,,,,,,,,,,,,,,,,,,,,,,,,,,,,,,,
West Virginia,,,,51.5,,,,,,,,,,,,,,,,,,,,,,,,,,,,,,,,,,,,,,,,,,,,,,,,,,,,,
Wisconsin,,,,75.0,,,,,,,,,,,,,,,,,,,,,,,,,,,,,,,,,,,,,,,,,,,,,,,,,,,,,
Wyoming,,,,30.0,,,,,,,,,,,,,,,,,,,,,,,,,,,,,,,,,,,,,,,,,,,,,,,,,,,,,
Mississippi,,,,,,86.1,1.0,91.6,70.1,89.1,89.2,91.4,,,,,,,,,,,,,,,,,,,,,,,,,,,,,,,,,,,,,,,,,,,,,
Arkansas,,,,,,86.9,2.0,92.0,73.9,91.8,83.6,85.6,,,,,,,,,,,,,,,,,,,,,,,,,,,,,,,,,,,,,,,,,,,,,
Oklahoma,,,,,,87.0,3.0,95.4,71.9,94.1,89.5,93.2,,,,,,,,,,,,,,,,,,,,,,,,,,,,,,,,,,,,,,,,,,,,,
Missouri,,,,,,87.1,4.0,96.6,70.6,99.6,87.3,95.7,,,,,,,,,,,,,,,,,,,,,,,,,,,,,,,,,,,,,,,,,,,,,
New Mexico,,,,,,87.5,5.0,100.9,77.7,87.9,91.6,100.1,,,,,,,,,,,,,,,,,,,,,,,,,,,,,,,,,,,,,,,,,,,,,
Tennessee,,,,,,88.7,6.0,93.3,80.2,93.4,89.7,88.5,,,,,,,,,,,,,,,,,,,,,,,,,,,,,,,,,,,,,,,,,,,,,
Michigan,,,,,,88.9,7.0,89.3,75.2,97.3,97.4,93.0,,,,,,,,,,,,,,,,,,,,,,,,,,,,,,,,,,,,,,,,,,,,,
Kansas,,,,,,89.0,8.0,91.9,73.8,103.0,92.3,98.9,,,,,,,,,,,,,,,,,,,,,,,,,,,,,,,,,,,,,,,,,,,,,
Georgia,,,,,,89.2,9.0,96.9,73.8,92.4,97.6,98.5,,,,,,,,,,,,,,,,,,,,,,,,,,,,,,,,,,,,,,,,,,,,,
Alabama,,,,,,89.3,11.0,97.4,71.5,103.3,88.6,90.8,,,,,,,,,,,,,,,,,,,,,,,,,,,,,,,,,,,,,,,,,,,,,
Wyoming,,,,,,89.3,10.0,98.7,72.3,87.3,99.3,94.9,,,,,,,,,,,,,,,,,,,,,,,,,,,,,,,,,,,,,,,,,,,,,
Indiana,,,,,,90.0,12.0,93.3,77.3,97.0,93.1,94.3,,,,,,,,,,,,,,,,,,,,,,,,,,,,,,,,,,,,,,,,,,,,,
Iowa,,,,,,90.1,13.0,95.9,79.6,95.3,95.5,97.8,,,,,,,,,,,,,,,,,,,,,,,,,,,,,,,,,,,,,,,,,,,,,
Nebraska,,,,,,90.8,14.0,95.5,80.9,90.8,94.3,99.9,,,,,,,,,,,,,,,,,,,,,,,,,,,,,,,,,,,,,,,,,,,,,
Ohio,,,,,,90.8,15.0,98.7,73.6,91.8,96.7,97.6,,,,,,,,,,,,,,,,,,,,,,,,,,,,,,,,,,,,,,,,,,,,,
Kentucky,,,,,,90.9,16.0,89.9,77.4,97.6,92.8,89.2,,,,,,,,,,,,,,,,,,,,,,,,,,,,,,,,,,,,,,,,,,,,,
West Virginia,,,,,,91.1,17.0,92.9,79.6,89.0,93.5,89.1,,,,,,,,,,,,,,,,,,,,,,,,,,,,,,,,,,,,,,,,,,,,,
Texas,,,,,,91.5,18.0,88.9,85.3,102.3,91.4,96.2,,,,,,,,,,,,,,,,,,,,,,,,,,,,,,,,,,,,,,,,,,,,,
Idaho,,,,,,92.3,19.0,92.2,87.1,82.9,106.7,97.3,,,,,,,,,,,,,,,,,,,,,,,,,,,,,,,,,,,,,,,,,,,,,
Louisiana,,,,,,93.9,20.0,99.9,86.6,89.3,98.5,98.8,,,,,,,,,,,,,,,,,,,,,,,,,,,,,,,,,,,,,,,,,,,,,
Illinois,,,,,,94.5,21.0,94.2,87.2,100.9,100.9,99.0,,,,,,,,,,,,,,,,,,,,,,,,,,,,,,,,,,,,,,,,,,,,,
North Carolina,,,,,,94.9,22.0,96.6,83.1,97.9,93.4,110.6,,,,,,,,,,,,,,,,,,,,,,,,,,,,,,,,,,,,,,,,,,,,,
South Carolina,,,,,,95.9,23.0,101.9,85.1,107.6,88.0,94.2,,,,,,,,,,,,,,,,,,,,,,,,,,,,,,,,,,,,,,,,,,,,,
Arizona,,,,,,97.0,24.0,96.9,91.7,107.4,109.6,94.7,,,,,,,,,,,,,,,,,,,,,,,,,,,,,,,,,,,,,,,,,,,,,
Wisconsin,,,,,,97.3,25.0,100.7,91.4,98.9,98.1,115.2,,,,,,,,,,,,,,,,,,,,,,,,,,,,,,,,,,,,,,,,,,,,,
Florida,,,,,,97.9,26.0,104.0,95.4,102.2,96.7,96.9,,,,,,,,,,,,,,,,,,,,,,,,,,,,,,,,,,,,,,,,,,,,,
Utah,,,,,,98.4,27.0,98.5,93.6,89.4,108.6,96.0,,,,,,,,,,,,,,,,,,,,,,,,,,,,,,,,,,,,,,,,,,,,,
North Dakota,,,,,,98.8,28.0,108.1,90.3,93.6,104.3,111.7,,,,,,,,,,,,,,,,,,,,,,,,,,,,,,,,,,,,,,,,,,,,,
South Dakota,,,,,,99.8,29.0,107.0,109.8,91.8,89.8,103.0,,,,,,,,,,,,,,,,,,,,,,,,,,,,,,,,,,,,,,,,,,,,,
Virginia,,,,,,100.7,30.0,96.1,108.0,99.2,88.1,97.2,,,,,,,,,,,,,,,,,,,,,,,,,,,,,,,,,,,,,,,,,,,,,
Minnesota,,,,,,101.6,31.0,106.7,88.3,96.8,103.7,108.6,,,,,,,,,,,,,,,,,,,,,,,,,,,,,,,,,,,,,,,,,,,,,
Pennsylvania,,,,,,101.7,32.0,106.9,100.8,106.0,109.5,91.9,,,,,,,,,,,,,,,,,,,,,,,,,,,,,,,,,,,,,,,,,,,,,
Colorado,,,,,,105.6,33.0,102.5,119.0,88.4,101.2,102.9,,,,,,,,,,,,,,,,,,,,,,,,,,,,,,,,,,,,,,,,,,,,,
Montana,,,,,,106.9,34.0,105.1,111.6,83.9,125.0,98.4,,,,,,,,,,,,,,,,,,,,,,,,,,,,,,,,,,,,,,,,,,,,,
Delaware,,,,,,108.1,35.0,113.4,98.2,96.5,107.0,101.6,,,,,,,,,,,,,,,,,,,,,,,,,,,,,,,,,,,,,,,,,,,,,
Nevada,,,,,,108.5,36.0,108.3,121.8,89.0,123.5,105.7,,,,,,,,,,,,,,,,,,,,,,,,,,,,,,,,,,,,,,,,,,,,,
New Hampshire,,,,,,109.7,37.0,100.4,110.3,119.5,111.4,116.1,,,,,,,,,,,,,,,,,,,,,,,,,,,,,,,,,,,,,,,,,,,,,
Washington,,,,,,110.7,38.0,107.8,117.8,88.7,121.7,118.9,,,,,,,,,,,,,,,,,,,,,,,,,,,,,,,,,,,,,,,,,,,,,
Vermont,,,,,,114.5,39.0,111.3,126.7,120.2,119.9,101.2,,,,,,,,,,,,,,,,,,,,,,,,,,,,,,,,,,,,,,,,,,,,,
Maine,,,,,,117.5,40.0,107.0,123.1,116.1,121.4,121.8,,,,,,,,,,,,,,,,,,,,,,,,,,,,,,,,,,,,,,,,,,,,,
Rhode Island,,,,,,119.4,41.0,106.2,129.4,123.5,124.0,109.3,,,,,,,,,,,,,,,,,,,,,,,,,,,,,,,,,,,,,,,,,,,,,
New Jersey,,,,,,125.1,42.0,109.5,163.1,101.6,111.1,101.7,,,,,,,,,,,,,,,,,,,,,,,,,,,,,,,,,,,,,,,,,,,,,
Connecticut,,,,,,127.7,43.0,114.2,144.7,128.1,111.8,113.7,,,,,,,,,,,,,,,,,,,,,,,,,,,,,,,,,,,,,,,,,,,,,
Maryland,,,,,,129.7,44.0,108.5,184.5,107.3,116.7,89.2,,,,,,,,,,,,,,,,,,,,,,,,,,,,,,,,,,,,,,,,,,,,,
Alaska,,,,,,129.9,45.0,134.2,133.9,154.2,130.8,150.9,,,,,,,,,,,,,,,,,,,,,,,,,,,,,,,,,,,,,,,,,,,,,
Massachusetts,,,,,,131.6,46.0,113.9,170.3,109.7,116.0,117.6,,,,,,,,,,,,,,,,,,,,,,,,,,,,,,,,,,,,,,,,,,,,,
Oregon,,,,,,134.2,47.0,110.3,181.8,88.0,136.7,113.2,,,,,,,,,,,,,,,,,,,,,,,,,,,,,,,,,,,,,,,,,,,,,
New York,,,,,,139.1,48.0,114.8,204.4,108.7,116.6,104.8,,,,,,,,,,,,,,,,,,,,,,,,,,,,,,,,,,,,,,,,,,,,,
California,,,,,,151.7,49.0,121.4,227.3,117.7,138.9,114.5,,,,,,,,,,,,,,,,,,,,,,,,,,,,,,,,,,,,,,,,,,,,,
Washington DC,,,,,,158.4,50.0,115.5,267.0,119.7,116.6,97.3,,,,,,,,,,,,,,,,,,,,,,,,,,,,,,,,,,,,,,,,,,,,,
Hawaii,,,,,,192.9,51.0,169.3,318.6,172.7,148.6,116.8,,,,,,,,,,,,,,,,,,,,,,,,,,,,,,,,,,,,,,,,,,,,,
New Hampshire,,,,,,,,,,,,,1.0,9.3,132.0,,,,,,,,,,,,,,,,,,,,,,,,,,,,,,,,,,,,,,,,,,
North Dakota,,,,,,,,,,,,,1.3,11.9,90.0,,,,,,,,,,,,,,,,,,,,,,,,,,,,,,,,,,,,,,,,,,
Maine,,,,,,,,,,,,,1.7,8.3,123.0,,,,,,,,,,,,,,,,,,,,,,,,,,,,,,,,,,,,,,,,,,
Idaho,,,,,,,,,,,,,1.9,14.6,242.0,,,,,,,,,,,,,,,,,,,,,,,,,,,,,,,,,,,,,,,,,,
Rhode Island,,,,,,,,,,,,,1.9,4.1,49.0,,,,,,,,,,,,,,,,,,,,,,,,,,,,,,,,,,,,,,,,,,
Minnesota,,,,,,,,,,,,,2.0,7.6,432.0,,,,,,,,,,,,,,,,,,,,,,,,,,,,,,,,,,,,,,,,,,
Nebraska,,,,,,,,,,,,,2.2,9.1,171.0,,,,,,,,,,,,,,,,,,,,,,,,,,,,,,,,,,,,,,,,,,
Vermont,,,,,,,,,,,,,2.2,11.1,78.0,,,,,,,,,,,,,,,,,,,,,,,,,,,,,,,,,,,,,,,,,,
Utah,,,,,,,,,,,,,2.4,12.9,370.0,,,,,,,,,,,,,,,,,,,,,,,,,,,,,,,,,,,,,,,,,,
Massachusetts,,,,,,,,,,,,,2.5,3.4,242.0,,,,,,,,,,,,,,,,,,,,,,,,,,,,,,,,,,,,,,,,,,
Oregon,,,,,,,,,,,,,2.5,11.9,513.0,,,,,,,,,,,,,,,,,,,,,,,,,,,,,,,,,,,,,,,,,,
Wyoming,,,,,,,,,,,,,2.6,17.4,101.0,,,,,,,,,,,,,,,,,,,,,,,,,,,,,,,,,,,,,,,,,,
Hawaii,,,,,,,,,,,,,2.7,4.5,66.0,,,,,,,,,,,,,,,,,,,,,,,,,,,,,,,,,,,,,,,,,,
Connecticut,,,,,,,,,,,,,2.8,4.6,172.0,,,,,,,,,,,,,,,,,,,,,,,,,,,,,,,,,,,,,,,,,,
New York,,,,,,,,,,,,,2.8,4.4,900.0,,,,,,,,,,,,,,,,,,,,,,,,,,,,,,,,,,,,,,,,,,
South Dakota,,,,,,,,,,,,,2.9,13.4,108.0,,,,,,,,,,,,,,,,,,,,,,,,,,,,,,,,,,,,,,,,,,
Washington,,,,,,,,,,,,,3.1,9.0,686.0,,,,,,,,,,,,,,,,,,,,,,,,,,,,,,,,,,,,,,,,,,
Wisconsin,,,,,,,,,,,,,3.2,11.4,664.0,,,,,,,,,,,,,,,,,,,,,,,,,,,,,,,,,,,,,,,,,,
Iowa,,,,,,,,,,,,,3.3,9.2,288.0,,,,,,,,,,,,,,,,,,,,,,,,,,,,,,,,,,,,,,,,,,
New Jersey,,,,,,,,,,,,,3.6,5.5,485.0,,,,,,,,,,,,,,,,,,,,,,,,,,,,,,,,,,,,,,,,,,
Colorado,,,,,,,,,,,,,3.9,14.3,812.0,,,,,,,,,,,,,,,,,,,,,,,,,,,,,,,,,,,,,,,,,,
Montana,,,,,,,,,,,,,3.9,18.9,194.0,,,,,,,,,,,,,,,,,,,,,,,,,,,,,,,,,,,,,,,,,,
California,,,,,,,,,,,,,4.6,7.9,3184.0,,,,,,,,,,,,,,,,,,,,,,,,,,,,,,,,,,,,,,,,,,
West Virginia,,,,,,,,,,,,,4.7,17.5,332.0,,,,,,,,,,,,,,,,,,,,,,,,,,,,,,,,,,,,,,,,,,
Florida,,,,,,,,,,,,,5.0,12.6,2704.0,,,,,,,,,,,,,,,,,,,,,,,,,,,,,,,,,,,,,,,,,,
Texas,,,,,,,,,,,,,5.0,12.1,3353.0,,,,,,,,,,,,,,,,,,,,,,,,,,,,,,,,,,,,,,,,,,
Virginia,,,,,,,,,,,,,5.3,12.1,1049.0,,,,,,,,,,,,,,,,,,,,,,,,,,,,,,,,,,,,,,,,,,
Kansas,,,,,,,,,,,,,5.5,13.4,383.0,,,,,,,,,,,,,,,,,,,,,,,,,,,,,,,,,,,,,,,,,,
Delaware,,,,,,,,,,,,,5.6,11.0,111.0,,,,,,,,,,,,,,,,,,,,,,,,,,,,,,,,,,,,,,,,,,
Michigan,,,,,,,,,,,,,5.7,12.3,1230.0,,,,,,,,,,,,,,,,,,,,,,,,,,,,,,,,,,,,,,,,,,
North Carolina,,,,,,,,,,,,,5.8,13.7,1409.0,,,,,,,,,,,,,,,,,,,,,,,,,,,,,,,,,,,,,,,,,,
Pennsylvania,,,,,,,,,,,,,5.8,12.0,1555.0,,,,,,,,,,,,,,,,,,,,,,,,,,,,,,,,,,,,,,,,,,
Arizona,,,,,,,,,,,,,5.9,15.2,1094.0,,,,,,,,,,,,,,,,,,,,,,,,,,,,,,,,,,,,,,,,,,
Kentucky,,,,,,,,,,,,,5.9,17.5,772.0,,,,,,,,,,,,,,,,,,,,,,,,,,,,,,,,,,,,,,,,,,
Indiana,,,,,,,,,,,,,6.0,15.0,997.0,,,,,,,,,,,,,,,,,,,,,,,,,,,,,,,,,,,,,,,,,,
Ohio,,,,,,,,,,,,,6.1,12.9,1524.0,,,,,,,,,,,,,,,,,,,,,,,,,,,,,,,,,,,,,,,,,,
Oklahoma,,,,,,,,,,,,,6.2,19.6,766.0,,,,,,,,,,,,,,,,,,,,,,,,,,,,,,,,,,,,,,,,,,
Georgia,,,,,,,,,,,,,6.7,15.0,1571.0,,,,,,,,,,,,,,,,,,,,,,,,,,,,,,,,,,,,,,,,,,
New Mexico,,,,,,,,,,,,,7.1,18.1,383.0,,,,,,,,,,,,,,,,,,,,,,,,,,,,,,,,,,,,,,,,,,
Illinois,,,,,,,,,,,,,7.8,11.7,1490.0,,,,,,,,,,,,,,,,,,,,,,,,,,,,,,,,,,,,,,,,,,
South Carolina,,,,,,,,,,,,,7.8,17.7,891.0,,,,,,,,,,,,,,,,,,,,,,,,,,,,,,,,,,,,,,,,,,
Tennessee,,,,,,,,,,,,,7.8,17.1,1148.0,,,,,,,,,,,,,,,,,,,,,,,,,,,,,,,,,,,,,,,,,,
Mississippi,,,,,,,,,,,,,8.2,19.9,587.0,,,,,,,,,,,,,,,,,,,,,,,,,,,,,,,,,,,,,,,,,,
Alabama,,,,,,,,,,,,,8.3,21.5,1046.0,,,,,,,,,,,,,,,,,,,,,,,,,,,,,,,,,,,,,,,,,,
Alaska,,,,,,,,,,,,,8.4,23.3,177.0,,,,,,,,,,,,,,,,,,,,,,,,,,,,,,,,,,,,,,,,,,
Arkansas,,,,,,,,,,,,,8.6,17.8,541.0,,,,,,,,,,,,,,,,,,,,,,,,,,,,,,,,,,,,,,,,,,
Maryland,,,,,,,,,,,,,9.0,11.9,707.0,,,,,,,,,,,,,,,,,,,,,,,,,,,,,,,,,,,,,,,,,,
Nevada,,,,,,,,,,,,,9.1,16.8,498.0,,,,,,,,,,,,,,,,,,,,,,,,,,,,,,,,,,,,,,,,,,
Missouri,,,,,,,,,,,,,9.8,19.0,1144.0,,,,,,,,,,,,,,,,,,,,,,,,,,,,,,,,,,,,,,,,,,
Louisiana,,,,,,,,,,,,,12.4,21.3,987.0,,,,,,,,,,,,,,,,,,,,,,,,,,,,,,,,,,,,,,,,,,
Massachusetts,,6976597.0,,,,,,,,,,,,,,77043165.0,11043.0,,,,,,,,,,,,,,,,,,,,,,,,,,,,,,,,,,,,,,,,
Connecticut,,3563077.0,,,,,,,,,,,,,,38756156.0,10877.0,,,,,,,,,,,,,,,,,,,,,,,,,,,,,,,,,,,,,,,,
Rhode Island,,1056161.0,,,,,,,,,,,,,,8932377.0,8457.0,,,,,,,,,,,,,,,,,,,,,,,,,,,,,,,,,,,,,,,,
Alaska,,734002.0,,,,,,,,,,,,,,5921713.0,8068.0,,,,,,,,,,,,,,,,,,,,,,,,,,,,,,,,,,,,,,,,
New Jersey,,8936574.0,,,,,,,,,,,,,,65874095.0,7371.0,,,,,,,,,,,,,,,,,,,,,,,,,,,,,,,,,,,,,,,,
New York,,19440469.0,,,,,,,,,,,,,,139234923.0,7162.0,,,,,,,,,,,,,,,,,,,,,,,,,,,,,,,,,,,,,,,,
Hawaii,,1412687.0,,,,,,,,,,,,,,9656278.0,6835.0,,,,,,,,,,,,,,,,,,,,,,,,,,,,,,,,,,,,,,,,
New Hampshire,,1371246.0,,,,,,,,,,,,,,7739447.0,5644.0,,,,,,,,,,,,,,,,,,,,,,,,,,,,,,,,,,,,,,,,
Vermont,,628061.0,,,,,,,,,,,,,,3502960.0,5577.0,,,,,,,,,,,,,,,,,,,,,,,,,,,,,,,,,,,,,,,,
Illinois,,12659682.0,,,,,,,,,,,,,,61821319.0,4883.0,,,,,,,,,,,,,,,,,,,,,,,,,,,,,,,,,,,,,,,,
Delaware,,982895.0,,,,,,,,,,,,,,4561576.0,4641.0,,,,,,,,,,,,,,,,,,,,,,,,,,,,,,,,,,,,,,,,
Maryland,,6083116.0,,,,,,,,,,,,,,28027363.0,4607.0,,,,,,,,,,,,,,,,,,,,,,,,,,,,,,,,,,,,,,,,
Washington,,7797095.0,,,,,,,,,,,,,,33427752.0,4287.0,,,,,,,,,,,,,,,,,,,,,,,,,,,,,,,,,,,,,,,,
West Virginia,,1778070.0,,,,,,,,,,,,,,7547010.0,4244.0,,,,,,,,,,,,,,,,,,,,,,,,,,,,,,,,,,,,,,,,
Wisconsin,,5851754.0,,,,,,,,,,,,,,23252381.0,3974.0,,,,,,,,,,,,,,,,,,,,,,,,,,,,,,,,,,,,,,,,
South Dakota,,903027.0,,,,,,,,,,,,,,3527703.0,3907.0,,,,,,,,,,,,,,,,,,,,,,,,,,,,,,,,,,,,,,,,
Louisiana,,4645184.0,,,,,,,,,,,,,,18092508.0,3895.0,,,,,,,,,,,,,,,,,,,,,,,,,,,,,,,,,,,,,,,,
California,,39937489.0,,,,,,,,,,,,,,152772292.0,3825.0,,,,,,,,,,,,,,,,,,,,,,,,,,,,,,,,,,,,,,,,
North Dakota,,761723.0,,,,,,,,,,,,,,2885664.0,3788.0,,,,,,,,,,,,,,,,,,,,,,,,,,,,,,,,,,,,,,,,
Pennsylvania,,12820878.0,,,,,,,,,,,,,,47519575.0,3706.0,,,,,,,,,,,,,,,,,,,,,,,,,,,,,,,,,,,,,,,,
Maine,,1345790.0,,,,,,,,,,,,,,4750384.0,3530.0,,,,,,,,,,,,,,,,,,,,,,,,,,,,,,,,,,,,,,,,
New Mexico,,2096640.0,,,,,,,,,,,,,,7057656.0,3366.0,,,,,,,,,,,,,,,,,,,,,,,,,,,,,,,,,,,,,,,,
Michigan,,10045029.0,,,,,,,,,,,,,,33463604.0,3331.0,,,,,,,,,,,,,,,,,,,,,,,,,,,,,,,,,,,,,,,,
Indiana,,6745354.0,,,,,,,,,,,,,,21842716.0,3238.0,,,,,,,,,,,,,,,,,,,,,,,,,,,,,,,,,,,,,,,,
Virginia,,8626207.0,,,,,,,,,,,,,,27825929.0,3226.0,,,,,,,,,,,,,,,,,,,,,,,,,,,,,,,,,,,,,,,,
Kentucky,,4499692.0,,,,,,,,,,,,,,14403514.0,3201.0,,,,,,,,,,,,,,,,,,,,,,,,,,,,,,,,,,,,,,,,
South Carolina,,5210095.0,,,,,,,,,,,,,,15744638.0,3022.0,,,,,,,,,,,,,,,,,,,,,,,,,,,,,,,,,,,,,,,,
Missouri,,6169270.0,,,,,,,,,,,,,,18419751.0,2986.0,,,,,,,,,,,,,,,,,,,,,,,,,,,,,,,,,,,,,,,,
Oregon,,4301089.0,,,,,,,,,,,,,,12656643.0,2943.0,,,,,,,,,,,,,,,,,,,,,,,,,,,,,,,,,,,,,,,,
Colorado,,5845526.0,,,,,,,,,,,,,,16980689.0,2905.0,,,,,,,,,,,,,,,,,,,,,,,,,,,,,,,,,,,,,,,,
Minnesota,,5700671.0,,,,,,,,,,,,,,16363418.0,2870.0,,,,,,,,,,,,,,,,,,,,,,,,,,,,,,,,,,,,,,,,
Ohio,,11747694.0,,,,,,,,,,,,,,33493235.0,2851.0,,,,,,,,,,,,,,,,,,,,,,,,,,,,,,,,,,,,,,,,
Kansas,,2910357.0,,,,,,,,,,,,,,7538475.0,2590.0,,,,,,,,,,,,,,,,,,,,,,,,,,,,,,,,,,,,,,,,
Montana,,1086759.0,,,,,,,,,,,,,,2795614.0,2572.0,,,,,,,,,,,,,,,,,,,,,,,,,,,,,,,,,,,,,,,,
Mississippi,,2989260.0,,,,,,,,,,,,,,7470178.0,2499.0,,,,,,,,,,,,,,,,,,,,,,,,,,,,,,,,,,,,,,,,
Utah,,3282115.0,,,,,,,,,,,,,,7453346.0,2271.0,,,,,,,,,,,,,,,,,,,,,,,,,,,,,,,,,,,,,,,,
Oklahoma,,3954821.0,,,,,,,,,,,,,,8457322.0,2138.0,,,,,,,,,,,,,,,,,,,,,,,,,,,,,,,,,,,,,,,,
Arizona,,7378494.0,,,,,,,,,,,,,,14291349.0,1937.0,,,,,,,,,,,,,,,,,,,,,,,,,,,,,,,,,,,,,,,,
Iowa,,3179849.0,,,,,,,,,,,,,,6149694.0,1934.0,,,,,,,,,,,,,,,,,,,,,,,,,,,,,,,,,,,,,,,,
Idaho,,1826156.0,,,,,,,,,,,,,,3369178.0,1845.0,,,,,,,,,,,,,,,,,,,,,,,,,,,,,,,,,,,,,,,,
Alabama,,4908621.0,,,,,,,,,,,,,,8772871.0,1787.0,,,,,,,,,,,,,,,,,,,,,,,,,,,,,,,,,,,,,,,,
Texas,,29472295.0,,,,,,,,,,,,,,50963262.0,1729.0,,,,,,,,,,,,,,,,,,,,,,,,,,,,,,,,,,,,,,,,
Arkansas,,3038999.0,,,,,,,,,,,,,,4801939.0,1580.0,,,,,,,,,,,,,,,,,,,,,,,,,,,,,,,,,,,,,,,,
North Carolina,,10611862.0,,,,,,,,,,,,,,16310177.0,1537.0,,,,,,,,,,,,,,,,,,,,,,,,,,,,,,,,,,,,,,,,
Wyoming,,567025.0,,,,,,,,,,,,,,769721.0,1357.0,,,,,,,,,,,,,,,,,,,,,,,,,,,,,,,,,,,,,,,,
Florida,,21992985.0,,,,,,,,,,,,,,28823847.0,1311.0,,,,,,,,,,,,,,,,,,,,,,,,,,,,,,,,,,,,,,,,
Georgia,,10736059.0,,,,,,,,,,,,,,13050862.0,1216.0,,,,,,,,,,,,,,,,,,,,,,,,,,,,,,,,,,,,,,,,
Nevada,,3139658.0,,,,,,,,,,,,,,3248814.0,1035.0,,,,,,,,,,,,,,,,,,,,,,,,,,,,,,,,,,,,,,,,
Nebraska,,1952570.0,,,,,,,,,,,,,,2014523.0,1032.0,,,,,,,,,,,,,,,,,,,,,,,,,,,,,,,,,,,,,,,,
Tennessee,,6897576.0,,,,,,,,,,,,,,6127422.0,888.0,,,,,,,,,,,,,,,,,,,,,,,,,,,,,,,,,,,,,,,,
Massachusetts,,6976597.0,,,,,,,,,,,,,,,,1.0,27.0,1.0,,,,,,,,,,,,,,,,,,,,,,,,,,,,,,,,,,,,,
New Jersey,,8936574.0,,,,,,,,,,,,,,,,2.0,30.0,2.0,,,,,,,,,,,,,,,,,,,,,,,,,,,,,,,,,,,,,
Florida,,21992985.0,,,,,,,,,,,,,,,,3.0,1.0,27.0,,,,,,,,,,,,,,,,,,,,,,,,,,,,,,,,,,,,,
Washington,,7797095.0,,,,,,,,,,,,,,,,4.0,2.0,19.0,,,,,,,,,,,,,,,,,,,,,,,,,,,,,,,,,,,,,
New Hampshire,,1371246.0,,,,,,,,,,,,,,,,5.0,37.0,3.0,,,,,,,,,,,,,,,,,,,,,,,,,,,,,,,,,,,,,
Nebraska,,1952570.0,,,,,,,,,,,,,,,,6.0,7.0,9.0,,,,,,,,,,,,,,,,,,,,,,,,,,,,,,,,,,,,,
Virginia,,8626207.0,,,,,,,,,,,,,,,,7.0,14.0,8.0,,,,,,,,,,,,,,,,,,,,,,,,,,,,,,,,,,,,,
Vermont,,628061.0,,,,,,,,,,,,,,,,8.0,41.0,4.0,,,,,,,,,,,,,,,,,,,,,,,,,,,,,,,,,,,,,
Iowa,,3179849.0,,,,,,,,,,,,,,,,9.0,8.0,13.0,,,,,,,,,,,,,,,,,,,,,,,,,,,,,,,,,,,,,
Utah,,3282115.0,,,,,,,,,,,,,,,,10.0,6.0,22.0,,,,,,,,,,,,,,,,,,,,,,,,,,,,,,,,,,,,,
Colorado,,5845526.0,,,,,,,,,,,,,,,,11.0,9.0,14.0,,,,,,,,,,,,,,,,,,,,,,,,,,,,,,,,,,,,,
Connecticut,,3563077.0,,,,,,,,,,,,,,,,12.0,44.0,5.0,,,,,,,,,,,,,,,,,,,,,,,,,,,,,,,,,,,,,
Maryland,,6083116.0,,,,,,,,,,,,,,,,13.0,17.0,11.0,,,,,,,,,,,,,,,,,,,,,,,,,,,,,,,,,,,,,
Wisconsin,,5851754.0,,,,,,,,,,,,,,,,14.0,11.0,16.0,,,,,,,,,,,,,,,,,,,,,,,,,,,,,,,,,,,,,
Kansas,,2910357.0,,,,,,,,,,,,,,,,15.0,13.0,15.0,,,,,,,,,,,,,,,,,,,,,,,,,,,,,,,,,,,,,
Wyoming,,567025.0,,,,,,,,,,,,,,,,16.0,3.0,34.0,,,,,,,,,,,,,,,,,,,,,,,,,,,,,,,,,,,,,
Minnesota,,5700671.0,,,,,,,,,,,,,,,,17.0,20.0,12.0,,,,,,,,,,,,,,,,,,,,,,,,,,,,,,,,,,,,,
South Dakota,,903027.0,,,,,,,,,,,,,,,,18.0,10.0,23.0,,,,,,,,,,,,,,,,,,,,,,,,,,,,,,,,,,,,,
Illinois,,12659682.0,,,,,,,,,,,,,,,,19.0,31.0,7.0,,,,,,,,,,,,,,,,,,,,,,,,,,,,,,,,,,,,,
North Dakota,,761723.0,,,,,,,,,,,,,,,,20.0,5.0,35.0,,,,,,,,,,,,,,,,,,,,,,,,,,,,,,,,,,,,,
California,,39937489.0,,,,,,,,,,,,,,,,21.0,4.0,37.0,,,,,,,,,,,,,,,,,,,,,,,,,,,,,,,,,,,,,
New York,,19440469.0,,,,,,,,,,,,,,,,22.0,15.0,25.0,,,,,,,,,,,,,,,,,,,,,,,,,,,,,,,,,,,,,
Delaware,,982895.0,,,,,,,,,,,,,,,,23.0,16.0,24.0,,,,,,,,,,,,,,,,,,,,,,,,,,,,,,,,,,,,,
Indiana,,6745354.0,,,,,,,,,,,,,,,,24.0,39.0,6.0,,,,,,,,,,,,,,,,,,,,,,,,,,,,,,,,,,,,,
North Carolina,,10611862.0,,,,,,,,,,,,,,,,25.0,12.0,28.0,,,,,,,,,,,,,,,,,,,,,,,,,,,,,,,,,,,,,
Montana,,1086759.0,,,,,,,,,,,,,,,,26.0,19.0,20.0,,,,,,,,,,,,,,,,,,,,,,,,,,,,,,,,,,,,,
Missouri,,6169270.0,,,,,,,,,,,,,,,,27.0,26.0,21.0,,,,,,,,,,,,,,,,,,,,,,,,,,,,,,,,,,,,,
Maine,,1345790.0,,,,,,,,,,,,,,,,28.0,34.0,17.0,,,,,,,,,,,,,,,,,,,,,,,,,,,,,,,,,,,,,
Hawaii,,1412687.0,,,,,,,,,,,,,,,,29.0,21.0,30.0,,,,,,,,,,,,,,,,,,,,,,,,,,,,,,,,,,,,,
Georgia,,10736059.0,,,,,,,,,,,,,,,,30.0,25.0,31.0,,,,,,,,,,,,,,,,,,,,,,,,,,,,,,,,,,,,,
Ohio,,11747694.0,,,,,,,,,,,,,,,,31.0,38.0,18.0,,,,,,,,,,,,,,,,,,,,,,,,,,,,,,,,,,,,,
Pennsylvania,,12820878.0,,,,,,,,,,,,,,,,32.0,50.0,10.0,,,,,,,,,,,,,,,,,,,,,,,,,,,,,,,,,,,,,
Idaho,,1826156.0,,,,,,,,,,,,,,,,33.0,35.0,26.0,,,,,,,,,,,,,,,,,,,,,,,,,,,,,,,,,,,,,
Texas,,29472295.0,,,,,,,,,,,,,,,,34.0,32.0,33.0,,,,,,,,,,,,,,,,,,,,,,,,,,,,,,,,,,,,,
Tennessee,,6897576.0,,,,,,,,,,,,,,,,35.0,23.0,38.0,,,,,,,,,,,,,,,,,,,,,,,,,,,,,,,,,,,,,
Oregon,,4301089.0,,,,,,,,,,,,,,,,36.0,22.0,39.0,,,,,,,,,,,,,,,,,,,,,,,,,,,,,,,,,,,,,
Michigan,,10045029.0,,,,,,,,,,,,,,,,37.0,42.0,29.0,,,,,,,,,,,,,,,,,,,,,,,,,,,,,,,,,,,,,
Kentucky,,4499692.0,,,,,,,,,,,,,,,,38.0,43.0,32.0,,,,,,,,,,,,,,,,,,,,,,,,,,,,,,,,,,,,,
Oklahoma,,3954821.0,,,,,,,,,,,,,,,,39.0,28.0,43.0,,,,,,,,,,,,,,,,,,,,,,,,,,,,,,,,,,,,,
Arizona,,7378494.0,,,,,,,,,,,,,,,,40.0,24.0,44.0,,,,,,,,,,,,,,,,,,,,,,,,,,,,,,,,,,,,,
Rhode Island,,1056161.0,,,,,,,,,,,,,,,,41.0,48.0,36.0,,,,,,,,,,,,,,,,,,,,,,,,,,,,,,,,,,,,,
Arkansas,,3038999.0,,,,,,,,,,,,,,,,42.0,40.0,40.0,,,,,,,,,,,,,,,,,,,,,,,,,,,,,,,,,,,,,
South Carolina,,5210095.0,,,,,,,,,,,,,,,,43.0,46.0,41.0,,,,,,,,,,,,,,,,,,,,,,,,,,,,,,,,,,,,,
West Virginia,,1778070.0,,,,,,,,,,,,,,,,44.0,45.0,42.0,,,,,,,,,,,,,,,,,,,,,,,,,,,,,,,,,,,,,
Nevada,,3139658.0,,,,,,,,,,,,,,,,45.0,18.0,48.0,,,,,,,,,,,,,,,,,,,,,,,,,,,,,,,,,,,,,
Mississippi,,2989260.0,,,,,,,,,,,,,,,,46.0,33.0,45.0,,,,,,,,,,,,,,,,,,,,,,,,,,,,,,,,,,,,,
Alaska,,734002.0,,,,,,,,,,,,,,,,47.0,36.0,47.0,,,,,,,,,,,,,,,,,,,,,,,,,,,,,,,,,,,,,
Louisiana,,4645184.0,,,,,,,,,,,,,,,,48.0,49.0,46.0,,,,,,,,,,,,,,,,,,,,,,,,,,,,,,,,,,,,,
New Mexico,,2096640.0,,,,,,,,,,,,,,,,49.0,29.0,50.0,,,,,,,,,,,,,,,,,,,,,,,,,,,,,,,,,,,,,
Alabama,,4908621.0,,,,,,,,,,,,,,,,50.0,47.0,49.0,,,,,,,,,,,,,,,,,,,,,,,,,,,,,,,,,,,,,
Alabama,,4908621.0,,,,,,,,,,,,,,,,,,,,0.973,,,,,,,,,,,,,,,,,,,,,,,,,,,,,,,,,,,
Alaska,,734002.0,,,,,,,,,,,,,,,,,,,,0.939,,,,,,,,,,,,,,,,,,,,,,,,,,,,,,,,,,,
Arizona,,7378494.0,,,,,,,,,,,,,,,,,,,,0.954,,,,,,,,,,,,,,,,,,,,,,,,,,,,,,,,,,,
Arkansas,,3038999.0,,,,,,,,,,,,,,,,,,,,0.964,,,,,,,,,,,,,,,,,,,,,,,,,,,,,,,,,,,
California,,39937489.0,,,,,,,,,,,,,,,,,,,,0.961,,,,,,,,,,,,,,,,,,,,,,,,,,,,,,,,,,,
Colorado,,5845526.0,,,,,,,,,,,,,,,,,,,,0.975,,,,,,,,,,,,,,,,,,,,,,,,,,,,,,,,,,,
Connecticut,,3563077.0,,,,,,,,,,,,,,,,,,,,0.963,,,,,,,,,,,,,,,,,,,,,,,,,,,,,,,,,,,
Delaware,,982895.0,,,,,,,,,,,,,,,,,,,,0.961,,,,,,,,,,,,,,,,,,,,,,,,,,,,,,,,,,,
District of Columbia,,720687.0,,,,,,,,,,,,,,,,,,,,0.947,,,,,,,,,,,,,,,,,,,,,,,,,,,,,,,,,,,
Florida,,21992985.0,,,,,,,,,,,,,,,,,,,,0.97,,,,,,,,,,,,,,,,,,,,,,,,,,,,,,,,,,,
Georgia,,10736059.0,,,,,,,,,,,,,,,,,,,,0.968,,,,,,,,,,,,,,,,,,,,,,,,,,,,,,,,,,,
Hawaii,,1412687.0,,,,,,,,,,,,,,,,,,,,0.974,,,,,,,,,,,,,,,,,,,,,,,,,,,,,,,,,,,
Idaho,,1826156.0,,,,,,,,,,,,,,,,,,,,0.971,,,,,,,,,,,,,,,,,,,,,,,,,,,,,,,,,,,
Illinois,,12659682.0,,,,,,,,,,,,,,,,,,,,0.963,,,,,,,,,,,,,,,,,,,,,,,,,,,,,,,,,,,
Indiana,,6745354.0,,,,,,,,,,,,,,,,,,,,0.968,,,,,,,,,,,,,,,,,,,,,,,,,,,,,,,,,,,
Iowa,,3179849.0,,,,,,,,,,,,,,,,,,,,0.973,,,,,,,,,,,,,,,,,,,,,,,,,,,,,,,,,,,
Kansas,,2910357.0,,,,,,,,,,,,,,,,,,,,0.968,,,,,,,,,,,,,,,,,,,,,,,,,,,,,,,,,,,
Kentucky,,4499692.0,,,,,,,,,,,,,,,,,,,,0.957,,,,,,,,,,,,,,,,,,,,,,,,,,,,,,,,,,,
Louisiana,,4645184.0,,,,,,,,,,,,,,,,,,,,0.951,,,,,,,,,,,,,,,,,,,,,,,,,,,,,,,,,,,
Maine,,1345790.0,,,,,,,,,,,,,,,,,,,,0.971,,,,,,,,,,,,,,,,,,,,,,,,,,,,,,,,,,,
Maryland,,6083116.0,,,,,,,,,,,,,,,,,,,,0.965,,,,,,,,,,,,,,,,,,,,,,,,,,,,,,,,,,,
Massachusetts,,6976597.0,,,,,,,,,,,,,,,,,,,,0.972,,,,,,,,,,,,,,,,,,,,,,,,,,,,,,,,,,,
Michigan,,10045029.0,,,,,,,,,,,,,,,,,,,,0.961,,,,,,,,,,,,,,,,,,,,,,,,,,,,,,,,,,,
Minnesota,,5700671.0,,,,,,,,,,,,,,,,,,,,0.967,,,,,,,,,,,,,,,,,,,,,,,,,,,,,,,,,,,
Mississippi,,2989260.0,,,,,,,,,,,,,,,,,,,,0.943,,,,,,,,,,,,,,,,,,,,,,,,,,,,,,,,,,,
Missouri,,6169270.0,,,,,,,,,,,,,,,,,,,,0.967,,,,,,,,,,,,,,,,,,,,,,,,,,,,,,,,,,,
Montana,,1086759.0,,,,,,,,,,,,,,,,,,,,0.966,,,,,,,,,,,,,,,,,,,,,,,,,,,,,,,,,,,
Nebraska,,1952570.0,,,,,,,,,,,,,,,,,,,,0.969,,,,,,,,,,,,,,,,,,,,,,,,,,,,,,,,,,,
Nevada,,3139658.0,,,,,,,,,,,,,,,,,,,,0.962,,,,,,,,,,,,,,,,,,,,,,,,,,,,,,,,,,,
New Hampshire,,1371246.0,,,,,,,,,,,,,,,,,,,,0.974,,,,,,,,,,,,,,,,,,,,,,,,,,,,,,,,,,,
New Jersey,,8936574.0,,,,,,,,,,,,,,,,,,,,0.965,,,,,,,,,,,,,,,,,,,,,,,,,,,,,,,,,,,
New Mexico,,2096640.0,,,,,,,,,,,,,,,,,,,,0.953,,,,,,,,,,,,,,,,,,,,,,,,,,,,,,,,,,,
New York,,19440469.0,,,,,,,,,,,,,,,,,,,,0.96,,,,,,,,,,,,,,,,,,,,,,,,,,,,,,,,,,,
North Carolina,,10611862.0,,,,,,,,,,,,,,,,,,,,0.963,,,,,,,,,,,,,,,,,,,,,,,,,,,,,,,,,,,
North Dakota,,761723.0,,,,,,,,,,,,,,,,,,,,0.976,,,,,,,,,,,,,,,,,,,,,,,,,,,,,,,,,,,
Ohio,,11747694.0,,,,,,,,,,,,,,,,,,,,0.958,,,,,,,,,,,,,,,,,,,,,,,,,,,,,,,,,,,
Oklahoma,,3954821.0,,,,,,,,,,,,,,,,,,,,0.966,,,,,,,,,,,,,,,,,,,,,,,,,,,,,,,,,,,
Oregon,,4301089.0,,,,,,,,,,,,,,,,,,,,0.963,,,,,,,,,,,,,,,,,,,,,,,,,,,,,,,,,,,
Pennsylvania,,12820878.0,,,,,,,,,,,,,,,,,,,,0.955,,,,,,,,,,,,,,,,,,,,,,,,,,,,,,,,,,,
South Carolina,,5210095.0,,,,,,,,,,,,,,,,,,,,0.977,,,,,,,,,,,,,,,,,,,,,,,,,,,,,,,,,,,
South Dakota,,903027.0,,,,,,,,,,,,,,,,,,,,0.968,,,,,,,,,,,,,,,,,,,,,,,,,,,,,,,,,,,
Tennessee,,6897576.0,,,,,,,,,,,,,,,,,,,,0.967,,,,,,,,,,,,,,,,,,,,,,,,,,,,,,,,,,,
Texas,,29472295.0,,,,,,,,,,,,,,,,,,,,0.965,,,,,,,,,,,,,,,,,,,,,,,,,,,,,,,,,,,
Utah,,3282115.0,,,,,,,,,,,,,,,,,,,,0.977,,,,,,,,,,,,,,,,,,,,,,,,,,,,,,,,,,,
Vermont,,628061.0,,,,,,,,,,,,,,,,,,,,0.977,,,,,,,,,,,,,,,,,,,,,,,,,,,,,,,,,,,
Virginia,,8626207.0,,,,,,,,,,,,,,,,,,,,0.974,,,,,,,,,,,,,,,,,,,,,,,,,,,,,,,,,,,
Washington,,7797095.0,,,,,,,,,,,,,,,,,,,,0.957,,,,,,,,,,,,,,,,,,,,,,,,,,,,,,,,,,,
West Virginia,,1778070.0,,,,,,,,,,,,,,,,,,,,0.05,,,,,,,,,,,,,,,,,,,,,,,,,,,,,,,,,,,
Wisconsin,,5851754.0,,,,,,,,,,,,,,,,,,,,0.966,,,,,,,,,,,,,,,,,,,,,,,,,,,,,,,,,,,
Wyoming,,567025.0,,,,,,,,,,,,,,,,,,,,0.963,,,,,,,,,,,,,,,,,,,,,,,,,,,,,,,,,,,
Alabama,,,,,,,,,,,,,,,,,,,,,,,0.66,0.26,0.04,<.01,0.01,,0.02,1.0,,,,,,,,,,,,,,,,,,,,,,,,,,,
Alaska,,,,,,,,,,,,,,,,,,,,,,,0.6,0.03,0.07,0.16,0.06,0.01,0.07,1.0,,,,,,,,,,,,,,,,,,,,,,,,,,,
Arizona,,,,,,,,,,,,,,,,,,,,,,,0.54,0.04,0.32,0.04,0.03,<.01,0.02,1.0,,,,,,,,,,,,,,,,,,,,,,,,,,,
Arkansas,,,,,,,,,,,,,,,,,,,,,,,0.72,0.15,0.08,0.01,0.02,<.01,0.03,1.0,,,,,,,,,,,,,,,,,,,,,,,,,,,
California,,,,,,,,,,,,,,,,,,,,,,,0.37,0.05,0.39,<.01,0.15,<.01,0.03,1.0,,,,,,,,,,,,,,,,,,,,,,,,,,,
Colorado,,,,,,,,,,,,,,,,,,,,,,,0.68,0.04,0.22,<.01,0.03,<.01,0.03,1.0,,,,,,,,,,,,,,,,,,,,,,,,,,,
Connecticut,,,,,,,,,,,,,,,,,,,,,,,0.66,0.10,0.17,<.01,0.05,,0.02,1.0,,,,,,,,,,,,,,,,,,,,,,,,,,,
Delaware,,,,,,,,,,,,,,,,,,,,,,,0.62,0.21,0.09,<.01,0.04,,0.03,1.0,,,,,,,,,,,,,,,,,,,,,,,,,,,
District of Columbia,,,,,,,,,,,,,,,,,,,,,,,0.37,0.45,0.11,,0.04,,0.03,1.0,,,,,,,,,,,,,,,,,,,,,,,,,,,
Florida,,,,,,,,,,,,,,,,,,,,,,,0.53,0.15,0.26,<.01,0.03,<.01,0.02,1.0,,,,,,,,,,,,,,,,,,,,,,,,,,,
Georgia,,,,,,,,,,,,,,,,,,,,,,,0.52,0.31,0.1,<.01,0.04,<.01,0.02,1.0,,,,,,,,,,,,,,,,,,,,,,,,,,,
Hawaii,,,,,,,,,,,,,,,,,,,,,,,0.21,0.02,0.1,,0.38,0.10,0.2,1.0,,,,,,,,,,,,,,,,,,,,,,,,,,,
Idaho,,,,,,,,,,,,,,,,,,,,,,,0.82,0.01,0.13,0.01,0.02,,0.02,1.0,,,,,,,,,,,,,,,,,,,,,,,,,,,
Illinois,,,,,,,,,,,,,,,,,,,,,,,0.61,0.14,0.17,<.01,0.06,<.01,0.02,1.0,,,,,,,,,,,,,,,,,,,,,,,,,,,
Indiana,,,,,,,,,,,,,,,,,,,,,,,0.79,0.09,0.07,<.01,0.02,,0.02,1.0,,,,,,,,,,,,,,,,,,,,,,,,,,,
Iowa,,,,,,,,,,,,,,,,,,,,,,,0.86,0.03,0.06,<.01,0.03,,0.02,1.0,,,,,,,,,,,,,,,,,,,,,,,,,,,
Kansas,,,,,,,,,,,,,,,,,,,,,,,0.76,0.05,0.12,0.01,0.03,,0.03,1.0,,,,,,,,,,,,,,,,,,,,,,,,,,,
Kentucky,,,,,,,,,,,,,,,,,,,,,,,0.85,0.08,0.04,<.01,0.01,,0.02,1.0,,,,,,,,,,,,,,,,,,,,,,,,,,,
Louisiana,,,,,,,,,,,,,,,,,,,,,,,0.59,0.32,0.05,0.01,0.02,,0.02,1.0,,,,,,,,,,,,,,,,,,,,,,,,,,,
Maine,,,,,,,,,,,,,,,,,,,,,,,0.93,0.01,0.02,<.01,0.01,,0.02,1.0,,,,,,,,,,,,,,,,,,,,,,,,,,,
Maryland,,,,,,,,,,,,,,,,,,,,,,,0.5,0.29,0.1,<.01,0.06,,0.03,1.0,,,,,,,,,,,,,,,,,,,,,,,,,,,
Massachusetts,,,,,,,,,,,,,,,,,,,,,,,0.71,0.07,0.12,<.01,0.07,,0.03,1.0,,,,,,,,,,,,,,,,,,,,,,,,,,,
Michigan,,,,,,,,,,,,,,,,,,,,,,,0.75,0.14,0.05,<.01,0.03,,0.03,1.0,,,,,,,,,,,,,,,,,,,,,,,,,,,
Minnesota,,,,,,,,,,,,,,,,,,,,,,,0.8,0.06,0.05,0.01,0.05,,0.03,1.0,,,,,,,,,,,,,,,,,,,,,,,,,,,
Mississippi,,,,,,,,,,,,,,,,,,,,,,,0.57,0.38,0.03,<.01,0.01,,0.01,1.0,,,,,,,,,,,,,,,,,,,,,,,,,,,
Missouri,,,,,,,,,,,,,,,,,,,,,,,0.8,0.11,0.04,<.01,0.02,<.01,0.03,1.0,,,,,,,,,,,,,,,,,,,,,,,,,,,
Montana,,,,,,,,,,,,,,,,,,,,,,,0.86,<.01,0.04,0.06,0.01,,0.03,1.0,,,,,,,,,,,,,,,,,,,,,,,,,,,
Nebraska,,,,,,,,,,,,,,,,,,,,,,,0.79,0.04,0.11,0.01,0.02,,0.03,1.0,,,,,,,,,,,,,,,,,,,,,,,,,,,
Nevada,,,,,,,,,,,,,,,,,,,,,,,0.49,0.09,0.29,0.01,0.08,0.01,0.04,1.0,,,,,,,,,,,,,,,,,,,,,,,,,,,
New Hampshire,,,,,,,,,,,,,,,,,,,,,,,0.9,0.01,0.04,,0.03,,0.02,1.0,,,,,,,,,,,,,,,,,,,,,,,,,,,
New Jersey,,,,,,,,,,,,,,,,,,,,,,,0.55,0.13,0.21,<.01,0.1,,0.02,1.0,,,,,,,,,,,,,,,,,,,,,,,,,,,
New Mexico,,,,,,,,,,,,,,,,,,,,,,,0.37,0.02,0.49,0.09,0.02,,0.02,1.0,,,,,,,,,,,,,,,,,,,,,,,,,,,
New York,,,,,,,,,,,,,,,,,,,,,,,0.55,0.14,0.19,<.01,0.09,,0.03,1.0,,,,,,,,,,,,,,,,,,,,,,,,,,,
North Carolina,,,,,,,,,,,,,,,,,,,,,,,0.63,0.21,0.1,0.01,0.03,<.01,0.03,1.0,,,,,,,,,,,,,,,,,,,,,,,,,,,
North Dakota,,,,,,,,,,,,,,,,,,,,,,,0.84,0.03,0.04,0.05,0.02,,0.02,1.0,,,,,,,,,,,,,,,,,,,,,,,,,,,
Ohio,,,,,,,,,,,,,,,,,,,,,,,0.79,0.12,0.04,<.01,0.02,,0.03,1.0,,,,,,,,,,,,,,,,,,,,,,,,,,,
Oklahoma,,,,,,,,,,,,,,,,,,,,,,,0.65,0.07,0.11,0.08,0.02,<.01,0.07,1.0,,,,,,,,,,,,,,,,,,,,,,,,,,,
Oregon,,,,,,,,,,,,,,,,,,,,,,,0.75,0.02,0.13,0.01,0.05,<.01,0.04,1.0,,,,,,,,,,,,,,,,,,,,,,,,,,,
Pennsylvania,,,,,,,,,,,,,,,,,,,,,,,0.76,0.10,0.08,<.01,0.04,,0.02,1.0,,,,,,,,,,,,,,,,,,,,,,,,,,,
Rhode Island,,,,,,,,,,,,,,,,,,,,,,,0.72,0.06,0.16,,0.03,,0.03,1.0,,,,,,,,,,,,,,,,,,,,,,,,,,,
South Carolina,,,,,,,,,,,,,,,,,,,,,,,0.64,0.26,0.06,<.01,0.02,,0.02,1.0,,,,,,,,,,,,,,,,,,,,,,,,,,,
South Dakota,,,,,,,,,,,,,,,,,,,,,,,0.82,0.02,0.04,0.09,0.01,,0.03,1.0,,,,,,,,,,,,,,,,,,,,,,,,,,,
Tennessee,,,,,,,,,,,,,,,,,,,,,,,0.74,0.17,0.05,<.01,0.02,,0.02,1.0,,,,,,,,,,,,,,,,,,,,,,,,,,,
Texas,,,,,,,,,,,,,,,,,,,,,,,0.41,0.12,0.4,<.01,0.05,<.01,0.02,1.0,,,,,,,,,,,,,,,,,,,,,,,,,,,
Utah,,,,,,,,,,,,,,,,,,,,,,,0.78,0.01,0.14,0.01,0.02,0.01,0.03,1.0,,,,,,,,,,,,,,,,,,,,,,,,,,,
Vermont,,,,,,,,,,,,,,,,,,,,,,,0.93,0.01,0.02,<.01,0.02,,0.02,1.0,,,,,,,,,,,,,,,,,,,,,,,,,,,
Virginia,,,,,,,,,,,,,,,,,,,,,,,0.62,0.19,0.1,<.01,0.07,<.01,0.04,1.0,,,,,,,,,,,,,,,,,,,,,,,,,,,
Washington,,,,,,,,,,,,,,,,,,,,,,,0.68,0.04,0.13,0.01,0.09,0.01,0.05,1.0,,,,,,,,,,,,,,,,,,,,,,,,,,,
West Virginia,,,,,,,,,,,,,,,,,,,,,,,0.92,0.04,0.01,<.01,0.01,,0.02,1.0,,,,,,,,,,,,,,,,,,,,,,,,,,,
Wisconsin,,,,,,,,,,,,,,,,,,,,,,,0.81,0.06,0.07,0.01,0.03,<.01,0.02,1.0,,,,,,,,,,,,,,,,,,,,,,,,,,,
Wyoming,,,,,,,,,,,,,,,,,,,,,,,0.84,0.00,0.1,0.02,0.01,,0.02,1.0,,,,,,,,,,,,,,,,,,,,,,,,,,,
California,,,,,,,,,,,,,,,,,,,,,,,,,,,,,,,151278.0,7044.0,10980.0,11993.0,,,,,,,,,,,,,,,,,,,,,,,
New York,,,,,,,,,,,,,,,,,,,,,,,,,,,,,,,92091.0,15091.0,1270.0,2978.0,,,,,,,,,,,,,,,,,,,,,,,
Florida,,,,,,,,,,,,,,,,,,,,,,,,,,,,,,,28328.0,2171.0,2472.0,1450.0,,,,,,,,,,,,,,,,,,,,,,,
Texas,,,,,,,,,,,,,,,,,,,,,,,,,,,,,,,25848.0,1919.0,1806.0,1355.0,,,,,,,,,,,,,,,,,,,,,,,
Washington,,,,,,,,,,,,,,,,,,,,,,,,,,,,,,,21577.0,1751.0,1585.0,1911.0,,,,,,,,,,,,,,,,,,,,,,,
Massachusetts,,,,,,,,,,,,,,,,,,,,,,,,,,,,,,,18471.0,3766.0,917.0,480.0,,,,,,,,,,,,,,,,,,,,,,,
Oregon,,,,,,,,,,,,,,,,,,,,,,,,,,,,,,,15876.0,1147.0,1438.0,1590.0,,,,,,,,,,,,,,,,,,,,,,,
Pennsylvania,,,,,,,,,,,,,,,,,,,,,,,,,,,,,,,13199.0,1569.0,857.0,737.0,,,,,,,,,,,,,,,,,,,,,,,
Georgia,,,,,,,,,,,,,,,,,,,,,,,,,,,,,,,10443.0,815.0,801.0,596.0,,,,,,,,,,,,,,,,,,,,,,,
Ohio,,,,,,,,,,,,,,,,,,,,,,,,,,,,,,,10345.0,999.0,676.0,643.0,,,,,,,,,,,,,,,,,,,,,,,
Illinois,,,,,,,,,,,,,,,,,,,,,,,,,,,,,,,10199.0,1105.0,690.0,609.0,,,,,,,,,,,,,,,,,,,,,,,
Arizona,,,,,,,,,,,,,,,,,,,,,,,,,,,,,,,10007.0,745.0,910.0,587.0,,,,,,,,,,,,,,,,,,,,,,,
Colorado,,,,,,,,,,,,,,,,,,,,,,,,,,,,,,,9619.0,719.0,1068.0,545.0,,,,,,,,,,,,,,,,,,,,,,,
North Carolina,,,,,,,,,,,,,,,,,,,,,,,,,,,,,,,9314.0,767.0,907.0,417.0,,,,,,,,,,,,,,,,,,,,,,,
New Jersey,,,,,,,,,,,,,,,,,,,,,,,,,,,,,,,8862.0,993.0,551.0,496.0,,,,,,,,,,,,,,,,,,,,,,,
Michigan,,,,,,,,,,,,,,,,,,,,,,,,,,,,,,,8575.0,1022.0,599.0,489.0,,,,,,,,,,,,,,,,,,,,,,,
Minnesota,,,,,,,,,,,,,,,,,,,,,,,,,,,,,,,7977.0,1028.0,297.0,685.0,,,,,,,,,,,,,,,,,,,,,,,
Tennessee,,,,,,,,,,,,,,,,,,,,,,,,,,,,,,,7467.0,558.0,679.0,366.0,,,,,,,,,,,,,,,,,,,,,,,
Nevada,,,,,,,,,,,,,,,,,,,,,,,,,,,,,,,7169.0,183.0,674.0,1285.0,,,,,,,,,,,,,,,,,,,,,,,
Maryland,,,,,,,,,,,,,,,,,,,,,,,,,,,,,,,6561.0,603.0,490.0,290.0,,,,,,,,,,,,,,,,,,,,,,,
District of Columbia,,,,,,,,,,,,,,,,,,,,,,,,,,,,,,,6521.0,815.0,297.0,271.0,,,,,,,,,,,,,,,,,,,,,,,
Hawaii,,,,,,,,,,,,,,,,,,,,,,,,,,,,,,,6412.0,539.0,505.0,222.0,,,,,,,,,,,,,,,,,,,,,,,
Missouri,,,,,,,,,,,,,,,,,,,,,,,,,,,,,,,6179.0,707.0,488.0,477.0,,,,,,,,,,,,,,,,,,,,,,,
Virginia,,,,,,,,,,,,,,,,,,,,,,,,,,,,,,,5783.0,652.0,447.0,258.0,,,,,,,,,,,,,,,,,,,,,,,
Indiana,,,,,,,,,,,,,,,,,,,,,,,,,,,,,,,5471.0,544.0,572.0,258.0,,,,,,,,,,,,,,,,,,,,,,,
Wisconsin,,,,,,,,,,,,,,,,,,,,,,,,,,,,,,,4538.0,592.0,359.0,200.0,,,,,,,,,,,,,,,,,,,,,,,
South Carolina,,,,,,,,,,,,,,,,,,,,,,,,,,,,,,,4172.0,275.0,462.0,216.0,,,,,,,,,,,,,,,,,,,,,,,
Kentucky,,,,,,,,,,,,,,,,,,,,,,,,,,,,,,,4079.0,313.0,447.0,211.0,,,,,,,,,,,,,,,,,,,,,,,
Oklahoma,,,,,,,,,,,,,,,,,,,,,,,,,,,,,,,3944.0,300.0,280.0,322.0,,,,,,,,,,,,,,,,,,,,,,,
Alabama,,,,,,,,,,,,,,,,,,,,,,,,,,,,,,,3261.0,236.0,292.0,320.0,,,,,,,,,,,,,,,,,,,,,,,
New Mexico,,,,,,,,,,,,,,,,,,,,,,,,,,,,,,,3241.0,246.0,257.0,216.0,,,,,,,,,,,,,,,,,,,,,,,
Connecticut,,,,,,,,,,,,,,,,,,,,,,,,,,,,,,,3033.0,305.0,195.0,196.0,,,,,,,,,,,,,,,,,,,,,,,
Louisiana,,,,,,,,,,,,,,,,,,,,,,,,,,,,,,,2941.0,170.0,360.0,188.0,,,,,,,,,,,,,,,,,,,,,,,
Utah,,,,,,,,,,,,,,,,,,,,,,,,,,,,,,,2798.0,260.0,211.0,163.0,,,,,,,,,,,,,,,,,,,,,,,
Arkansas,,,,,,,,,,,,,,,,,,,,,,,,,,,,,,,2717.0,132.0,238.0,336.0,,,,,,,,,,,,,,,,,,,,,,,
Kansas,,,,,,,,,,,,,,,,,,,,,,,,,,,,,,,2381.0,209.0,189.0,122.0,,,,,,,,,,,,,,,,,,,,,,,
Nebraska,,,,,,,,,,,,,,,,,,,,,,,,,,,,,,,2365.0,201.0,175.0,151.0,,,,,,,,,,,,,,,,,,,,,,,
Iowa,,,,,,,,,,,,,,,,,,,,,,,,,,,,,,,2315.0,227.0,149.0,146.0,,,,,,,,,,,,,,,,,,,,,,,
Idaho,,,,,,,,,,,,,,,,,,,,,,,,,,,,,,,2315.0,243.0,201.0,188.0,,,,,,,,,,,,,,,,,,,,,,,
Maine,,,,,,,,,,,,,,,,,,,,,,,,,,,,,,,2106.0,283.0,116.0,125.0,,,,,,,,,,,,,,,,,,,,,,,
Alaska,,,,,,,,,,,,,,,,,,,,,,,,,,,,,,,1907.0,161.0,111.0,176.0,,,,,,,,,,,,,,,,,,,,,,,
West Virginia,,,,,,,,,,,,,,,,,,,,,,,,,,,,,,,1397.0,79.0,137.0,89.0,,,,,,,,,,,,,,,,,,,,,,,
New Hampshire,,,,,,,,,,,,,,,,,,,,,,,,,,,,,,,1396.0,206.0,113.0,84.0,,,,,,,,,,,,,,,,,,,,,,,
Montana,,,,,,,,,,,,,,,,,,,,,,,,,,,,,,,1357.0,136.0,205.0,82.0,,,,,,,,,,,,,,,,,,,,,,,
Mississippi,,,,,,,,,,,,,,,,,,,,,,,,,,,,,,,1184.0,69.0,72.0,56.0,,,,,,,,,,,,,,,,,,,,,,,
Vermont,,,,,,,,,,,,,,,,,,,,,,,,,,,,,,,1089.0,128.0,87.0,105.0,,,,,,,,,,,,,,,,,,,,,,,
Rhode Island,,,,,,,,,,,,,,,,,,,,,,,,,,,,,,,1055.0,111.0,92.0,26.0,,,,,,,,,,,,,,,,,,,,,,,
South Dakota,,,,,,,,,,,,,,,,,,,,,,,,,,,,,,,995.0,76.0,66.0,66.0,,,,,,,,,,,,,,,,,,,,,,,
Delaware,,,,,,,,,,,,,,,,,,,,,,,,,,,,,,,921.0,116.0,65.0,42.0,,,,,,,,,,,,,,,,,,,,,,,
North Dakota,,,,,,,,,,,,,,,,,,,,,,,,,,,,,,,557.0,51.0,49.0,72.0,,,,,,,,,,,,,,,,,,,,,,,
Wyoming,,,,,,,,,,,,,,,,,,,,,,,,,,,,,,,548.0,37.0,51.0,81.0,,,,,,,,,,,,,,,,,,,,,,,
Alabama,,4908621.0,,,,,,,,,,,,,,,,,,,,,,,,,,,,,,,,,0.02,0.05,,,,,,,,,,,,,,,,,,,,,
Arizona,,7378494.0,,,,,,,,,,,,,,,,,,,,,,,,,,,,,,,,,0.0259,0.0454,,,,,,,,,,,,,,,,,,,,,
Arkansas,,3038999.0,,,,,,,,,,,,,,,,,,,,,,,,,,,,,,,,,0.009,0.069,,,,,,,,,,,,,,,,,,,,,
California,,39937489.0,,,,,,,,,,,,,,,,,,,,,,,,,,,,,,,,,0.01,0.133,,,,,,,,,,,,,,,,,,,,,
Connecticut,,3563077.0,,,,,,,,,,,,,,,,,,,,,,,,,,,,,,,,,0.03,0.0699,,,,,,,,,,,,,,,,,,,,,
Delaware,,982895.0,,,,,,,,,,,,,,,,,,,,,,,,,,,,,,,,,0.022,0.066,,,,,,,,,,,,,,,,,,,,,
District of Columbia,,720687.0,,,,,,,,,,,,,,,,,,,,,,,,,,,,,,,,,0.04,0.0895,,,,,,,,,,,,,,,,,,,,,
Georgia,,10736059.0,,,,,,,,,,,,,,,,,,,,,,,,,,,,,,,,,0.01,0.06,,,,,,,,,,,,,,,,,,,,,
Hawaii,,1412687.0,,,,,,,,,,,,,,,,,,,,,,,,,,,,,,,,,0.014,0.0825,,,,,,,,,,,,,,,,,,,,,
Idaho,,1826156.0,,,,,,,,,,,,,,,,,,,,,,,,,,,,,,,,,0.016,0.074,,,,,,,,,,,,,,,,,,,,,
Iowa,,3179849.0,,,,,,,,,,,,,,,,,,,,,,,,,,,,,,,,,0.0036,0.0898,,,,,,,,,,,,,,,,,,,,,
Kansas,,2910357.0,,,,,,,,,,,,,,,,,,,,,,,,,,,,,,,,,0.029,0.052,,,,,,,,,,,,,,,,,,,,,
Kentucky,,4499692.0,,,,,,,,,,,,,,,,,,,,,,,,,,,,,,,,,0.02,0.06,,,,,,,,,,,,,,,,,,,,,
Louisiana,,4645184.0,,,,,,,,,,,,,,,,,,,,,,,,,,,,,,,,,0.02,0.06,,,,,,,,,,,,,,,,,,,,,
Maine,,1345790.0,,,,,,,,,,,,,,,,,,,,,,,,,,,,,,,,,0.058,0.0715,,,,,,,,,,,,,,,,,,,,,
Maryland,,6083116.0,,,,,,,,,,,,,,,,,,,,,,,,,,,,,,,,,0.02,0.0575,,,,,,,,,,,,,,,,,,,,,
Minnesota,,5700671.0,,,,,,,,,,,,,,,,,,,,,,,,,,,,,,,,,0.0535,0.0985,,,,,,,,,,,,,,,,,,,,,
Mississippi,,2989260.0,,,,,,,,,,,,,,,,,,,,,,,,,,,,,,,,,0.03,0.05,,,,,,,,,,,,,,,,,,,,,
Missouri,,6169270.0,,,,,,,,,,,,,,,,,,,,,,,,,,,,,,,,,0.015,0.06,,,,,,,,,,,,,,,,,,,,,
Montana,,1086759.0,,,,,,,,,,,,,,,,,,,,,,,,,,,,,,,,,0.01,0.069,,,,,,,,,,,,,,,,,,,,,
Nebraska,,1952570.0,,,,,,,,,,,,,,,,,,,,,,,,,,,,,,,,,0.0246,0.0684,,,,,,,,,,,,,,,,,,,,,
New Jersey,,8936574.0,,,,,,,,,,,,,,,,,,,,,,,,,,,,,,,,,0.014,0.0897,,,,,,,,,,,,,,,,,,,,,
New Mexico,,2096640.0,,,,,,,,,,,,,,,,,,,,,,,,,,,,,,,,,0.017,0.049,,,,,,,,,,,,,,,,,,,,,
New York,,19440469.0,,,,,,,,,,,,,,,,,,,,,,,,,,,,,,,,,0.04,0.0882,,,,,,,,,,,,,,,,,,,,,
North Dakota,,761723.0,,,,,,,,,,,,,,,,,,,,,,,,,,,,,,,,,0.011,0.029,,,,,,,,,,,,,,,,,,,,,
Ohio,,11747694.0,,,,,,,,,,,,,,,,,,,,,,,,,,,,,,,,,0.005,0.05,,,,,,,,,,,,,,,,,,,,,
Oklahoma,,3954821.0,,,,,,,,,,,,,,,,,,,,,,,,,,,,,,,,,0.005,0.05,,,,,,,,,,,,,,,,,,,,,
Oregon,,4301089.0,,,,,,,,,,,,,,,,,,,,,,,,,,,,,,,,,0.05,0.099,,,,,,,,,,,,,,,,,,,,,
Rhode Island,,1056161.0,,,,,,,,,,,,,,,,,,,,,,,,,,,,,,,,,0.0375,0.0599,,,,,,,,,,,,,,,,,,,,,
South Carolina,,5210095.0,,,,,,,,,,,,,,,,,,,,,,,,,,,,,,,,,0.0,0.07,,,,,,,,,,,,,,,,,,,,,
Vermont,,628061.0,,,,,,,,,,,,,,,,,,,,,,,,,,,,,,,,,0.0355,0.0895,,,,,,,,,,,,,,,,,,,,,
Virginia,,8626207.0,,,,,,,,,,,,,,,,,,,,,,,,,,,,,,,,,0.02,0.0575,,,,,,,,,,,,,,,,,,,,,
West Virginia,,1778070.0,,,,,,,,,,,,,,,,,,,,,,,,,,,,,,,,,0.03,0.065,,,,,,,,,,,,,,,,,,,,,
Wisconsin,,5851754.0,,,,,,,,,,,,,,,,,,,,,,,,,,,,,,,,,0.04,0.0765,,,,,,,,,,,,,,,,,,,,,
Idaho,,1826156.0,,,,,,,,,,,,,,,,,,,,,,,,,,,,,,,,,,,0.041,,,,,,,,,,,,,,,,,,,,
Utah,,3282115.0,,,,,,,,,,,,,,,,,,,,,,,,,,,,,,,,,,,0.0383,,,,,,,,,,,,,,,,,,,,
Washington,,7797095.0,,,,,,,,,,,,,,,,,,,,,,,,,,,,,,,,,,,0.0347,,,,,,,,,,,,,,,,,,,,
Nevada,,3139658.0,,,,,,,,,,,,,,,,,,,,,,,,,,,,,,,,,,,0.0347,,,,,,,,,,,,,,,,,,,,
Florida,,21992985.0,,,,,,,,,,,,,,,,,,,,,,,,,,,,,,,,,,,0.0326,,,,,,,,,,,,,,,,,,,,
Arizona,,7378494.0,,,,,,,,,,,,,,,,,,,,,,,,,,,,,,,,,,,0.0288,,,,,,,,,,,,,,,,,,,,
Texas,,29472295.0,,,,,,,,,,,,,,,,,,,,,,,,,,,,,,,,,,,0.0268,,,,,,,,,,,,,,,,,,,,
Oregon,,4301089.0,,,,,,,,,,,,,,,,,,,,,,,,,,,,,,,,,,,0.0263,,,,,,,,,,,,,,,,,,,,
Colorado,,5845526.0,,,,,,,,,,,,,,,,,,,,,,,,,,,,,,,,,,,0.0263,,,,,,,,,,,,,,,,,,,,
District of Columbia,,720687.0,,,,,,,,,,,,,,,,,,,,,,,,,,,,,,,,,,,0.026,,,,,,,,,,,,,,,,,,,,
South Carolina,,5210095.0,,,,,,,,,,,,,,,,,,,,,,,,,,,,,,,,,,,0.0248,,,,,,,,,,,,,,,,,,,,
South Dakota,,903027.0,,,,,,,,,,,,,,,,,,,,,,,,,,,,,,,,,,,0.0236,,,,,,,,,,,,,,,,,,,,
Montana,,1086759.0,,,,,,,,,,,,,,,,,,,,,,,,,,,,,,,,,,,0.023,,,,,,,,,,,,,,,,,,,,
North Carolina,,10611862.0,,,,,,,,,,,,,,,,,,,,,,,,,,,,,,,,,,,0.022,,,,,,,,,,,,,,,,,,,,
Georgia,,10736059.0,,,,,,,,,,,,,,,,,,,,,,,,,,,,,,,,,,,0.0206,,,,,,,,,,,,,,,,,,,,
Tennessee,,6897576.0,,,,,,,,,,,,,,,,,,,,,,,,,,,,,,,,,,,0.0188,,,,,,,,,,,,,,,,,,,,
Delaware,,982895.0,,,,,,,,,,,,,,,,,,,,,,,,,,,,,,,,,,,0.0163,,,,,,,,,,,,,,,,,,,,
Minnesota,,5700671.0,,,,,,,,,,,,,,,,,,,,,,,,,,,,,,,,,,,0.0159,,,,,,,,,,,,,,,,,,,,
Virginia,,8626207.0,,,,,,,,,,,,,,,,,,,,,,,,,,,,,,,,,,,0.0127,,,,,,,,,,,,,,,,,,,,
Nebraska,,1952570.0,,,,,,,,,,,,,,,,,,,,,,,,,,,,,,,,,,,0.0121,,,,,,,,,,,,,,,,,,,,
New Hampshire,,1371246.0,,,,,,,,,,,,,,,,,,,,,,,,,,,,,,,,,,,0.0109,,,,,,,,,,,,,,,,,,,,
Massachusetts,,6976597.0,,,,,,,,,,,,,,,,,,,,,,,,,,,,,,,,,,,0.0108,,,,,,,,,,,,,,,,,,,,
California,,39937489.0,,,,,,,,,,,,,,,,,,,,,,,,,,,,,,,,,,,0.0096,,,,,,,,,,,,,,,,,,,,
Arkansas,,3038999.0,,,,,,,,,,,,,,,,,,,,,,,,,,,,,,,,,,,0.0084,,,,,,,,,,,,,,,,,,,,
Indiana,,6745354.0,,,,,,,,,,,,,,,,,,,,,,,,,,,,,,,,,,,0.008,,,,,,,,,,,,,,,,,,,,
Iowa,,3179849.0,,,,,,,,,,,,,,,,,,,,,,,,,,,,,,,,,,,0.0075,,,,,,,,,,,,,,,,,,,,
Kentucky,,4499692.0,,,,,,,,,,,,,,,,,,,,,,,,,,,,,,,,,,,0.007,,,,,,,,,,,,,,,,,,,,
Missouri,,6169270.0,,,,,,,,,,,,,,,,,,,,,,,,,,,,,,,,,,,0.007,,,,,,,,,,,,,,,,,,,,
Maryland,,6083116.0,,,,,,,,,,,,,,,,,,,,,,,,,,,,,,,,,,,0.0067,,,,,,,,,,,,,,,,,,,,
Wisconsin,,5851754.0,,,,,,,,,,,,,,,,,,,,,,,,,,,,,,,,,,,0.0066,,,,,,,,,,,,,,,,,,,,
Maine,,1345790.0,,,,,,,,,,,,,,,,,,,,,,,,,,,,,,,,,,,0.0055,,,,,,,,,,,,,,,,,,,,
Ohio,,11747694.0,,,,,,,,,,,,,,,,,,,,,,,,,,,,,,,,,,,0.005,,,,,,,,,,,,,,,,,,,,
Michigan,,10045029.0,,,,,,,,,,,,,,,,,,,,,,,,,,,,,,,,,,,0.0049,,,,,,,,,,,,,,,,,,,,
Alabama,,4908621.0,,,,,,,,,,,,,,,,,,,,,,,,,,,,,,,,,,,0.0042,,,,,,,,,,,,,,,,,,,,
New Jersey,,8936574.0,,,,,,,,,,,,,,,,,,,,,,,,,,,,,,,,,,,0.0031,,,,,,,,,,,,,,,,,,,,
Oklahoma,,3954821.0,,,,,,,,,,,,,,,,,,,,,,,,,,,,,,,,,,,0.003,,,,,,,,,,,,,,,,,,,,
Vermont,,628061.0,,,,,,,,,,,,,,,,,,,,,,,,,,,,,,,,,,,0.0028,,,,,,,,,,,,,,,,,,,,
North Dakota,,761723.0,,,,,,,,,,,,,,,,,,,,,,,,,,,,,,,,,,,0.0022,,,,,,,,,,,,,,,,,,,,
Pennsylvania,,12820878.0,,,,,,,,,,,,,,,,,,,,,,,,,,,,,,,,,,,0.0011,,,,,,,,,,,,,,,,,,,,
Mississippi,,2989260.0,,,,,,,,,,,,,,,,,,,,,,,,,,,,,,,,,,,0.0009,,,,,,,,,,,,,,,,,,,,
New Mexico,,2096640.0,,,,,,,,,,,,,,,,,,,,,,,,,,,,,,,,,,,0.0006,,,,,,,,,,,,,,,,,,,,
Kansas,,2910357.0,,,,,,,,,,,,,,,,,,,,,,,,,,,,,,,,,,,-0.0004,,,,,,,,,,,,,,,,,,,,
Rhode Island,,1056161.0,,,,,,,,,,,,,,,,,,,,,,,,,,,,,,,,,,,-0.0011,,,,,,,,,,,,,,,,,,,,
Connecticut,,3563077.0,,,,,,,,,,,,,,,,,,,,,,,,,,,,,,,,,,,-0.0027,,,,,,,,,,,,,,,,,,,,
Louisiana,,4645184.0,,,,,,,,,,,,,,,,,,,,,,,,,,,,,,,,,,,-0.0032,,,,,,,,,,,,,,,,,,,,
Alaska,,734002.0,,,,,,,,,,,,,,,,,,,,,,,,,,,,,,,,,,,-0.0047,,,,,,,,,,,,,,,,,,,,
New York,,19440469.0,,,,,,,,,,,,,,,,,,,,,,,,,,,,,,,,,,,-0.0052,,,,,,,,,,,,,,,,,,,,
Hawaii,,1412687.0,,,,,,,,,,,,,,,,,,,,,,,,,,,,,,,,,,,-0.0055,,,,,,,,,,,,,,,,,,,,
Illinois,,12659682.0,,,,,,,,,,,,,,,,,,,,,,,,,,,,,,,,,,,-0.0064,,,,,,,,,,,,,,,,,,,,
West Virginia,,1778070.0,,,,,,,,,,,,,,,,,,,,,,,,,,,,,,,,,,,-0.0154,,,,,,,,,,,,,,,,,,,,
Wyoming,,567025.0,,,,,,,,,,,,,,,,,,,,,,,,,,,,,,,,,,,-0.0185,,,,,,,,,,,,,,,,,,,,
Alabama,,4908621.0,,,,,,,,,,,,,,,,,,,,,,,,,,,,,,,,,,,0.0042,,,,,,,,,,,,,,,,,,,,
Alaska,,734002.0,,,,,,,,,,,,,,,,,,,,,,,,,,,,,,,,,,,-0.0047,,,,,,,,,,,,,,,,,,,,
Arizona,,7378494.0,,,,,,,,,,,,,,,,,,,,,,,,,,,,,,,,,,,0.0288,,,,,,,,,,,,,,,,,,,,
Arkansas,,3038999.0,,,,,,,,,,,,,,,,,,,,,,,,,,,,,,,,,,,0.0084,,,,,,,,,,,,,,,,,,,,
California,,39937489.0,,,,,,,,,,,,,,,,,,,,,,,,,,,,,,,,,,,0.0096,,,,,,,,,,,,,,,,,,,,
Colorado,,5845526.0,,,,,,,,,,,,,,,,,,,,,,,,,,,,,,,,,,,0.0263,,,,,,,,,,,,,,,,,,,,
Connecticut,,3563077.0,,,,,,,,,,,,,,,,,,,,,,,,,,,,,,,,,,,-0.0027,,,,,,,,,,,,,,,,,,,,
Delaware,,982895.0,,,,,,,,,,,,,,,,,,,,,,,,,,,,,,,,,,,0.0163,,,,,,,,,,,,,,,,,,,,
District of Columbia,,720687.0,,,,,,,,,,,,,,,,,,,,,,,,,,,,,,,,,,,0.026,,,,,,,,,,,,,,,,,,,,
Florida,,21992985.0,,,,,,,,,,,,,,,,,,,,,,,,,,,,,,,,,,,0.0326,,,,,,,,,,,,,,,,,,,,
Georgia,,10736059.0,,,,,,,,,,,,,,,,,,,,,,,,,,,,,,,,,,,0.0206,,,,,,,,,,,,,,,,,,,,
Hawaii,,1412687.0,,,,,,,,,,,,,,,,,,,,,,,,,,,,,,,,,,,-0.0055,,,,,,,,,,,,,,,,,,,,
Idaho,,1826156.0,,,,,,,,,,,,,,,,,,,,,,,,,,,,,,,,,,,0.041,,,,,,,,,,,,,,,,,,,,
Illinois,,12659682.0,,,,,,,,,,,,,,,,,,,,,,,,,,,,,,,,,,,-0.0064,,,,,,,,,,,,,,,,,,,,
Indiana,,6745354.0,,,,,,,,,,,,,,,,,,,,,,,,,,,,,,,,,,,0.008,,,,,,,,,,,,,,,,,,,,
Iowa,,3179849.0,,,,,,,,,,,,,,,,,,,,,,,,,,,,,,,,,,,0.0075,,,,,,,,,,,,,,,,,,,,
Kansas,,2910357.0,,,,,,,,,,,,,,,,,,,,,,,,,,,,,,,,,,,-0.0004,,,,,,,,,,,,,,,,,,,,
Kentucky,,4499692.0,,,,,,,,,,,,,,,,,,,,,,,,,,,,,,,,,,,0.007,,,,,,,,,,,,,,,,,,,,
Louisiana,,4645184.0,,,,,,,,,,,,,,,,,,,,,,,,,,,,,,,,,,,-0.0032,,,,,,,,,,,,,,,,,,,,
Maine,,1345790.0,,,,,,,,,,,,,,,,,,,,,,,,,,,,,,,,,,,0.0055,,,,,,,,,,,,,,,,,,,,
Maryland,,6083116.0,,,,,,,,,,,,,,,,,,,,,,,,,,,,,,,,,,,0.0067,,,,,,,,,,,,,,,,,,,,
Massachusetts,,6976597.0,,,,,,,,,,,,,,,,,,,,,,,,,,,,,,,,,,,0.0108,,,,,,,,,,,,,,,,,,,,
Michigan,,10045029.0,,,,,,,,,,,,,,,,,,,,,,,,,,,,,,,,,,,0.0049,,,,,,,,,,,,,,,,,,,,
Minnesota,,5700671.0,,,,,,,,,,,,,,,,,,,,,,,,,,,,,,,,,,,0.0159,,,,,,,,,,,,,,,,,,,,
Mississippi,,2989260.0,,,,,,,,,,,,,,,,,,,,,,,,,,,,,,,,,,,0.0009,,,,,,,,,,,,,,,,,,,,
Missouri,,6169270.0,,,,,,,,,,,,,,,,,,,,,,,,,,,,,,,,,,,0.007,,,,,,,,,,,,,,,,,,,,
Montana,,1086759.0,,,,,,,,,,,,,,,,,,,,,,,,,,,,,,,,,,,0.023,,,,,,,,,,,,,,,,,,,,
Nebraska,,1952570.0,,,,,,,,,,,,,,,,,,,,,,,,,,,,,,,,,,,0.0121,,,,,,,,,,,,,,,,,,,,
Nevada,,3139658.0,,,,,,,,,,,,,,,,,,,,,,,,,,,,,,,,,,,0.0347,,,,,,,,,,,,,,,,,,,,
New Hampshire,,1371246.0,,,,,,,,,,,,,,,,,,,,,,,,,,,,,,,,,,,0.0109,,,,,,,,,,,,,,,,,,,,
New Jersey,,8936574.0,,,,,,,,,,,,,,,,,,,,,,,,,,,,,,,,,,,0.0031,,,,,,,,,,,,,,,,,,,,
New Mexico,,2096640.0,,,,,,,,,,,,,,,,,,,,,,,,,,,,,,,,,,,0.0006,,,,,,,,,,,,,,,,,,,,
New York,,19440469.0,,,,,,,,,,,,,,,,,,,,,,,,,,,,,,,,,,,-0.0052,,,,,,,,,,,,,,,,,,,,
North Carolina,,10611862.0,,,,,,,,,,,,,,,,,,,,,,,,,,,,,,,,,,,0.022,,,,,,,,,,,,,,,,,,,,
North Dakota,,761723.0,,,,,,,,,,,,,,,,,,,,,,,,,,,,,,,,,,,0.0022,,,,,,,,,,,,,,,,,,,,
Ohio,,11747694.0,,,,,,,,,,,,,,,,,,,,,,,,,,,,,,,,,,,0.005,,,,,,,,,,,,,,,,,,,,
Oklahoma,,3954821.0,,,,,,,,,,,,,,,,,,,,,,,,,,,,,,,,,,,0.003,,,,,,,,,,,,,,,,,,,,
Oregon,,4301089.0,,,,,,,,,,,,,,,,,,,,,,,,,,,,,,,,,,,0.0263,,,,,,,,,,,,,,,,,,,,
Pennsylvania,,12820878.0,,,,,,,,,,,,,,,,,,,,,,,,,,,,,,,,,,,0.0011,,,,,,,,,,,,,,,,,,,,
Rhode Island,,1056161.0,,,,,,,,,,,,,,,,,,,,,,,,,,,,,,,,,,,-0.0011,,,,,,,,,,,,,,,,,,,,
South Carolina,,5210095.0,,,,,,,,,,,,,,,,,,,,,,,,,,,,,,,,,,,0.0248,,,,,,,,,,,,,,,,,,,,
South Dakota,,903027.0,,,,,,,,,,,,,,,,,,,,,,,,,,,,,,,,,,,0.0236,,,,,,,,,,,,,,,,,,,,
Tennessee,,6897576.0,,,,,,,,,,,,,,,,,,,,,,,,,,,,,,,,,,,0.0188,,,,,,,,,,,,,,,,,,,,
Texas,,29472295.0,,,,,,,,,,,,,,,,,,,,,,,,,,,,,,,,,,,0.0268,,,,,,,,,,,,,,,,,,,,
Utah,,3282115.0,,,,,,,,,,,,,,,,,,,,,,,,,,,,,,,,,,,0.0383,,,,,,,,,,,,,,,,,,,,
Vermont,,628061.0,,,,,,,,,,,,,,,,,,,,,,,,,,,,,,,,,,,0.0028,,,,,,,,,,,,,,,,,,,,
Virginia,,8626207.0,,,,,,,,,,,,,,,,,,,,,,,,,,,,,,,,,,,0.0127,,,,,,,,,,,,,,,,,,,,
Washington,,7797095.0,,,,,,,,,,,,,,,,,,,,,,,,,,,,,,,,,,,0.0347,,,,,,,,,,,,,,,,,,,,
West Virginia,,1778070.0,,,,,,,,,,,,,,,,,,,,,,,,,,,,,,,,,,,-0.0154,,,,,,,,,,,,,,,,,,,,
Wisconsin,,5851754.0,,,,,,,,,,,,,,,,,,,,,,,,,,,,,,,,,,,0.0066,,,,,,,,,,,,,,,,,,,,
Wyoming,,567025.0,,,,,,,,,,,,,,,,,,,,,,,,,,,,,,,,,,,-0.0185,,,,,,,,,,,,,,,,,,,,
California,,39937489.0,,,,,,,,,,,,,,,,,,,,,,,,,,,,,,,,,,,0.0096,1.0,39557045.0,37320903.0,0.0701,0.1194,256.3727,,,,,,,,,,,,,,
Texas,,29472295.0,,,,,,,,,,,,,,,,,,,,,,,,,,,,,,,,,,,0.0268,2.0,28701845.0,25242679.0,0.1676,0.0881,112.8204,,,,,,,,,,,,,,
Florida,,21992985.0,,,,,,,,,,,,,,,,,,,,,,,,,,,,,,,,,,,0.0326,3.0,21299325.0,18845785.0,0.167,0.0658,410.1256,,,,,,,,,,,,,,
New York,,19440469.0,,,,,,,,,,,,,,,,,,,,,,,,,,,,,,,,,,,-0.0052,4.0,19542209.0,19400080.0,0.0021,0.0581,412.5211,,,,,,,,,,,,,,
Pennsylvania,,12820878.0,,,,,,,,,,,,,,,,,,,,,,,,,,,,,,,,,,,0.0011,5.0,12807060.0,12711158.0,0.0086,0.0383,286.5449,,,,,,,,,,,,,,
Illinois,,12659682.0,,,,,,,,,,,,,,,,,,,,,,,,,,,,,,,,,,,-0.0064,6.0,12741080.0,12840762.0,-0.0141,0.0379,228.0243,,,,,,,,,,,,,,
Ohio,,11747694.0,,,,,,,,,,,,,,,,,,,,,,,,,,,,,,,,,,,0.005,7.0,11689442.0,11539327.0,0.0181,0.0351,287.5038,,,,,,,,,,,,,,
Georgia,,10736059.0,,,,,,,,,,,,,,,,,,,,,,,,,,,,,,,,,,,0.0206,8.0,10519475.0,9711810.0,0.1055,0.0321,186.6719,,,,,,,,,,,,,,
North Carolina,,10611862.0,,,,,,,,,,,,,,,,,,,,,,,,,,,,,,,,,,,0.022,9.0,10383620.0,9574293.0,0.1084,0.0317,218.2702,,,,,,,,,,,,,,
Michigan,,10045029.0,,,,,,,,,,,,,,,,,,,,,,,,,,,,,,,,,,,0.0049,10.0,9995915.0,9877535.0,0.017,0.03,177.6655,,,,,,,,,,,,,,
New Jersey,,8936574.0,,,,,,,,,,,,,,,,,,,,,,,,,,,,,,,,,,,0.0031,11.0,8908520.0,8799624.0,0.0156,0.0267,1215.1991,,,,,,,,,,,,,,
Virginia,,8626207.0,,,,,,,,,,,,,,,,,,,,,,,,,,,,,,,,,,,0.0127,12.0,8517685.0,8023680.0,0.0751,0.0258,218.4403,,,,,,,,,,,,,,
Washington,,7797095.0,,,,,,,,,,,,,,,,,,,,,,,,,,,,,,,,,,,0.0347,13.0,7535591.0,6742902.0,0.1563,0.0233,117.3272,,,,,,,,,,,,,,
Arizona,,7378494.0,,,,,,,,,,,,,,,,,,,,,,,,,,,,,,,,,,,0.0288,14.0,7171646.0,6407774.0,0.1515,0.0221,64.955,,,,,,,,,,,,,,
Massachusetts,,6976597.0,,,,,,,,,,,,,,,,,,,,,,,,,,,,,,,,,,,0.0108,15.0,6902149.0,6566431.0,0.0625,0.0209,894.4355,,,,,,,,,,,,,,
Tennessee,,6897576.0,,,,,,,,,,,,,,,,,,,,,,,,,,,,,,,,,,,0.0188,16.0,6770010.0,6355301.0,0.0853,0.0206,167.2748,,,,,,,,,,,,,,
Indiana,,6745354.0,,,,,,,,,,,,,,,,,,,,,,,,,,,,,,,,,,,0.008,17.0,6691878.0,6490436.0,0.0393,0.0202,188.281,,,,,,,,,,,,,,
Missouri,,6169270.0,,,,,,,,,,,,,,,,,,,,,,,,,,,,,,,,,,,0.007,18.0,6126452.0,5995976.0,0.0289,0.0185,89.7453,,,,,,,,,,,,,,
Maryland,,6083116.0,,,,,,,,,,,,,,,,,,,,,,,,,,,,,,,,,,,0.0067,19.0,6042718.0,5788642.0,0.0509,0.0182,626.6731,,,,,,,,,,,,,,
Wisconsin,,5851754.0,,,,,,,,,,,,,,,,,,,,,,,,,,,,,,,,,,,0.0066,20.0,5813568.0,5690479.0,0.0283,0.0175,108.0497,,,,,,,,,,,,,,
Colorado,,5845526.0,,,,,,,,,,,,,,,,,,,,,,,,,,,,,,,,,,,0.0263,21.0,5695564.0,5048281.0,0.1579,0.0175,56.4011,,,,,,,,,,,,,,
Minnesota,,5700671.0,,,,,,,,,,,,,,,,,,,,,,,,,,,,,,,,,,,0.0159,22.0,5611179.0,5310843.0,0.0734,0.017,71.5922,,,,,,,,,,,,,,
South Carolina,,5210095.0,,,,,,,,,,,,,,,,,,,,,,,,,,,,,,,,,,,0.0248,23.0,5084127.0,4635656.0,0.1239,0.0156,173.3174,,,,,,,,,,,,,,
Alabama,,4908621.0,,,,,,,,,,,,,,,,,,,,,,,,,,,,,,,,,,,0.0042,24.0,4887871.0,4785448.0,0.0257,0.0147,96.9221,,,,,,,,,,,,,,
Louisiana,,4645184.0,,,,,,,,,,,,,,,,,,,,,,,,,,,,,,,,,,,-0.0032,25.0,4659978.0,4544532.0,0.0221,0.0139,107.5175,,,,,,,,,,,,,,
Kentucky,,4499692.0,,,,,,,,,,,,,,,,,,,,,,,,,,,,,,,,,,,0.007,26.0,4468402.0,4348200.0,0.0348,0.0135,113.9566,,,,,,,,,,,,,,
Oregon,,4301089.0,,,,,,,,,,,,,,,,,,,,,,,,,,,,,,,,,,,0.0263,27.0,4190713.0,3837532.0,0.1208,0.0129,44.8086,,,,,,,,,,,,,,
Oklahoma,,3954821.0,,,,,,,,,,,,,,,,,,,,,,,,,,,,,,,,,,,0.003,28.0,3943079.0,3759632.0,0.0519,0.0118,57.6547,,,,,,,,,,,,,,
Connecticut,,3563077.0,,,,,,,,,,,,,,,,,,,,,,,,,,,,,,,,,,,-0.0027,29.0,3572665.0,3579125.0,-0.0045,0.0107,735.8689,,,,,,,,,,,,,,
Utah,,3282115.0,,,,,,,,,,,,,,,,,,,,,,,,,,,,,,,,,,,0.0383,30.0,3161105.0,2775334.0,0.1826,0.0098,39.943,,,,,,,,,,,,,,
Iowa,,3179849.0,,,,,,,,,,,,,,,,,,,,,,,,,,,,,,,,,,,0.0075,31.0,3156145.0,3050767.0,0.0423,0.0095,56.9284,,,,,,,,,,,,,,
Nevada,,3139658.0,,,,,,,,,,,,,,,,,,,,,,,,,,,,,,,,,,,0.0347,32.0,3034392.0,2702464.0,0.1618,0.0094,28.5993,,,,,,,,,,,,,,
Arkansas,,3038999.0,,,,,,,,,,,,,,,,,,,,,,,,,,,,,,,,,,,0.0084,33.0,3013825.0,2921978.0,0.04,0.0091,58.403,,,,,,,,,,,,,,
Puerto Rico,,3032165.0,,,,,,,,,,,,,,,,,,,,,,,,,,,,,,,,,,,-0.051,34.0,3195153.0,3721525.0,-0.1852,0.0091,876.6016,,,,,,,,,,,,,,
Mississippi,,2989260.0,,,,,,,,,,,,,,,,,,,,,,,,,,,,,,,,,,,0.0009,35.0,2986530.0,2970536.0,0.0063,0.0089,63.7056,,,,,,,,,,,,,,
Kansas,,2910357.0,,,,,,,,,,,,,,,,,,,,,,,,,,,,,,,,,,,-0.0004,36.0,2911505.0,2858213.0,0.0182,0.0087,35.5968,,,,,,,,,,,,,,
New Mexico,,2096640.0,,,,,,,,,,,,,,,,,,,,,,,,,,,,,,,,,,,0.0006,37.0,2095428.0,2064588.0,0.0155,0.0063,17.285,,,,,,,,,,,,,,
Nebraska,,1952570.0,,,,,,,,,,,,,,,,,,,,,,,,,,,,,,,,,,,0.0121,38.0,1929268.0,1829536.0,0.0672,0.0058,25.4161,,,,,,,,,,,,,,
Idaho,,1826156.0,,,,,,,,,,,,,,,,,,,,,,,,,,,,,,,,,,,0.041,39.0,1754208.0,1570773.0,0.1626,0.0055,22.0969,,,,,,,,,,,,,,
West Virginia,,1778070.0,,,,,,,,,,,,,,,,,,,,,,,,,,,,,,,,,,,-0.0154,40.0,1805832.0,1854214.0,-0.0411,0.0053,73.9691,,,,,,,,,,,,,,
Hawaii,,1412687.0,,,,,,,,,,,,,,,,,,,,,,,,,,,,,,,,,,,-0.0055,41.0,1420491.0,1363963.0,0.0357,0.0042,219.9419,,,,,,,,,,,,,,
New Hampshire,,1371246.0,,,,,,,,,,,,,,,,,,,,,,,,,,,,,,,,,,,0.0109,42.0,1356458.0,1316777.0,0.0414,0.0041,153.1605,,,,,,,,,,,,,,
Maine,,1345790.0,,,,,,,,,,,,,,,,,,,,,,,,,,,,,,,,,,,0.0055,43.0,1338404.0,1327632.0,0.0137,0.004,43.6336,,,,,,,,,,,,,,
Montana,,1086759.0,,,,,,,,,,,,,,,,,,,,,,,,,,,,,,,,,,,0.023,44.0,1062305.0,990722.0,0.0969,0.0033,7.4668,,,,,,,,,,,,,,
Rhode Island,,1056161.0,,,,,,,,,,,,,,,,,,,,,,,,,,,,,,,,,,,-0.0011,45.0,1057315.0,1053938.0,0.0021,0.0032,1021.4323,,,,,,,,,,,,,,
Delaware,,982895.0,,,,,,,,,,,,,,,,,,,,,,,,,,,,,,,,,,,0.0163,46.0,967171.0,899595.0,0.0926,0.0029,504.3073,,,,,,,,,,,,,,
South Dakota,,903027.0,,,,,,,,,,,,,,,,,,,,,,,,,,,,,,,,,,,0.0236,47.0,882235.0,816165.0,0.1064,0.0027,11.9116,,,,,,,,,,,,,,
North Dakota,,761723.0,,,,,,,,,,,,,,,,,,,,,,,,,,,,,,,,,,,0.0022,48.0,760077.0,674710.0,0.129,0.0023,11.0393,,,,,,,,,,,,,,
Alaska,,734002.0,,,,,,,,,,,,,,,,,,,,,,,,,,,,,,,,,,,-0.0047,49.0,737438.0,713906.0,0.0281,0.0022,1.2863,,,,,,,,,,,,,,
District of Columbia,,720687.0,,,,,,,,,,,,,,,,,,,,,,,,,,,,,,,,,,,0.026,50.0,702455.0,605085.0,0.1911,0.0022,11814.541,,,,,,,,,,,,,,
Vermont,,628061.0,,,,,,,,,,,,,,,,,,,,,,,,,,,,,,,,,,,0.0028,51.0,626299.0,625880.0,0.0035,0.0019,68.1416,,,,,,,,,,,,,,
Wyoming,,567025.0,,,,,,,,,,,,,,,,,,,,,,,,,,,,,,,,,,,-0.0185,52.0,577737.0,564483.0,0.0045,0.0017,5.84,,,,,,,,,,,,,,
Alabama ,,,,,,,,,,,,,,,,,,,,,,,,,,,,,,,,,,,,,,,,,,,,"2,083,927","1,836,504","167,396","656,008","35,002","206,113","383,589","388,396","247,424",,,,,
Alaska ,,,,,,,,,,,,,,,,,,,,,,,,,,,,,,,,,,,,,,,,,,,,"1,030,701","855,609","13,367","202,798","10,053","100,387","202,056","326,951","175,091",,,,,
Arizona ,,,,,,,,,,,,,,,,,,,,,,,,,,,,,,,,,,,,,,,,,,,,"4,327,385","3,911,667","171,258","1,033,321","87,207","748,683","881,278","989,922","415,717",,,,,
Arkansas ,,,,,,,,,,,,,,,,,,,,,,,,,,,,,,,,,,,,,,,,,,,,"1,390,053","1,234,191","228,658","380,557","15,676","155,889","196,088","257,324","155,862",,,,,
California,,,,,,,,,,,,,,,,,,,,,,,,,,,,,,,,,,,,,,,,,,,,"27,383,466","24,223,717","2,139,669","5,804,727","429,890","5,275,931","3,432,888","7,140,612","3,159,749",,,,,
Colorado ,,,,,,,,,,,,,,,,,,,,,,,,,,,,,,,,,,,,,,,,,,,,"5,963,912","5,294,002","186,924","1,200,145","210,520","1,269,076","1,098,658","1,328,679","669,910",,,,,
Connecticut ,,,,,,,,,,,,,,,,,,,,,,,,,,,,,,,,,,,,,,,,,,,,"1,923,607","1,756,921","163,870","523,014","68,330","339,726","213,537","448,444","166,686",,,,,
Delaware ,,,,,,,,,,,,,,,,,,,,,,,,,,,,,,,,,,,,,,,,,,,,"611,026","570,365","25,609","222,975","10,668","62,596","169,369","76,035","40,661",,,,,
District of Columbia ,,,,,,,,,,,,,,,,,,,,,,,,,,,,,,,,,,,,,,,,,,,,"977,279","751,938",(D),"128,943","6,099","137,529","338,136",(D),"225,341",,,,,
Florida ,,,,,,,,,,,,,,,,,,,,,,,,,,,,,,,,,,,,,,,,,,,,"20,690,183","19,566,765","529,000","3,982,411","298,301","5,411,340","4,720,704","4,625,008","1,123,418",,,,,
Georgia,,,,,,,,,,,,,,,,,,,,,,,,,,,,,,,,,,,,,,,,,,,,"6,274,833","5,687,701","541,765","1,392,935","92,768","849,054","708,207","2,102,973","587,132",,,,,
Hawaii ,,,,,,,,,,,,,,,,,,,,,,,,,,,,,,,,,,,,,,,,,,,,"2,437,813","2,237,381","27,906","351,466","26,970","217,816","668,783","944,442","200,432",,,,,
Idaho ,,,,,,,,,,,,,,,,,,,,,,,,,,,,,,,,,,,,,,,,,,,,"1,182,979","1,071,911","123,291","379,802","19,116","161,860","172,278","215,563","111,069",,,,,
Illinois ,,,,,,,,,,,,,,,,,,,,,,,,,,,,,,,,,,,,,,,,,,,,"7,737,696","6,571,896","731,439","1,547,051","178,949","1,197,759","653,786","2,262,912","1,165,800",,,,,
Indiana,,,,,,,,,,,,,,,,,,,,,,,,,,,,,,,,,,,,,,,,,,,,"4,486,832","4,236,457","1,955,843","853,596","52,943","475,626","262,233","636,216","250,375",,,,,
Iowa,,,,,,,,,,,,,,,,,,,,,,,,,,,,,,,,,,,,,,,,,,,,"1,634,494","1,474,390","342,683","459,026","26,988","193,816","152,537","299,340","160,103",,,,,
Kansas ,,,,,,,,,,,,,,,,,,,,,,,,,,,,,,,,,,,,,,,,,,,,"1,425,887","1,238,015","215,912","410,667","19,322","149,186","173,319","269,609","187,872",,,,,
Kentucky ,,,,,,,,,,,,,,,,,,,,,,,,,,,,,,,,,,,,,,,,,,,,"1,973,149","1,771,477","207,078","528,650","38,676","301,065","244,352","451,655","201,673",,,,,
Louisiana ,,,,,,,,,,,,,,,,,,,,,,,,,,,,,,,,,,,,,,,,,,,,"2,588,692","2,263,917","294,475","613,824","34,860","322,617","285,247","712,896","324,775",,,,,
Maine,,,,,,,,,,,,,,,,,,,,,,,,,,,,,,,,,,,,,,,,,,,,"1,373,098","1,293,114","157,644","313,821","34,284","182,207","478,538","126,619","79,984",,,,,
Maryland ,,,,,,,,,,,,,,,,,,,,,,,,,,,,,,,,,,,,,,,,,,,,"3,746,066","3,167,505","118,826","935,491","69,292","601,959","633,175","808,763","578,561",,,,,
Massachusetts ,,,,,,,,,,,,,,,,,,,,,,,,,,,,,,,,,,,,,,,,,,,,"4,907,443","4,546,628","487,878","1,056,129","111,983","958,112","693,052","1,239,475","360,815",,,,,
Michigan ,,,,,,,,,,,,,,,,,,,,,,,,,,,,,,,,,,,,,,,,,,,,"4,755,614","4,419,974","412,051","1,363,076","100,435","827,337","600,975","1,116,101","335,640",,,,,
Minnesota ,,,,,,,,,,,,,,,,,,,,,,,,,,,,,,,,,,,,,,,,,,,,"4,505,794","3,945,849","646,592","969,545","103,269","643,558","333,420","1,249,465","559,945",,,,,
Mississippi,,,,,,,,,,,,,,,,,,,,,,,,,,,,,,,,,,,,,,,,,,,,"1,119,665","984,995","162,806","376,121","12,568","88,970","167,905","176,625","134,670",,,,,
Missouri,,,,,,,,,,,,,,,,,,,,,,,,,,,,,,,,,,,,,,,,,,,,"3,586,118","3,203,870","462,395","891,515","57,478","700,363","380,455","711,664","382,248",,,,,
Montana,,,,,,,,,,,,,,,,,,,,,,,,,,,,,,,,,,,,,,,,,,,,"1,068,201","978,075","55,391","256,506","13,520","198,144","250,047","204,467","90,125",,,,,
Nebraska,,,,,,,,,,,,,,,,,,,,,,,,,,,,,,,,,,,,,,,,,,,,"1,095,738","985,653","168,047","288,977","20,613","127,509","132,343","248,163","110,085",,,,,
Nevada,,,,,,,,,,,,,,,,,,,,,,,,,,,,,,,,,,,,,,,,,,,,"2,239,107","1,961,778","37,992","556,264","29,493","294,709","385,311","658,010","277,329",,,,,
New Hampshire ,,,,,,,,,,,,,,,,,,,,,,,,,,,,,,,,,,,,,,,,,,,,"1,315,354","1,255,150","120,739","399,670","38,796","198,070","299,392","198,483","60,205",,,,,
New Jersey,,,,,,,,,,,,,,,,,,,,,,,,,,,,,,,,,,,,,,,,,,,,"6,070,879","5,380,208","361,543","1,523,860","139,805","1,032,284","722,952","1,599,764","690,671",,,,,
New Mexico,,,,,,,,,,,,,,,,,,,,,,,,,,,,,,,,,,,,,,,,,,,,"1,167,986","966,658","27,915","325,587","22,621","126,951","303,237","160,347","201,328",,,,,
New York ,,,,,,,,,,,,,,,,,,,,,,,,,,,,,,,,,,,,,,,,,,,,"14,178,838","12,108,598","702,857","3,093,606","244,301","2,314,439","1,618,258","4,135,136","2,070,240",,,,,
North Carolina ,,,,,,,,,,,,,,,,,,,,,,,,,,,,,,,,,,,,,,,,,,,,"5,758,490","5,212,748","434,113","1,411,882","82,776","1,034,961","979,248","1,269,768","545,743",,,,,
North Dakota ,,,,,,,,,,,,,,,,,,,,,,,,,,,,,,,,,,,,,,,,,,,,"542,894","449,310","19,467","174,464","6,340","54,058","64,121","130,861","93,585",,,,,
Ohio,,,,,,,,,,,,,,,,,,,,,,,,,,,,,,,,,,,,,,,,,,,,"5,348,251","4,529,076","484,790","1,365,860","130,263","1,070,871","365,465","1,111,828","819,174",,,,,
Oklahoma,,,,,,,,,,,,,,,,,,,,,,,,,,,,,,,,,,,,,,,,,,,,"1,793,835","1,594,219","129,849","526,156","33,557","272,265","188,872","443,519","199,616",,,,,
Oregon,,,,,,,,,,,,,,,,,,,,,,,,,,,,,,,,,,,,,,,,,,,,"3,583,571","3,180,745","274,546","860,625","44,450","374,616","633,061","993,446","402,826",,,,,
Pennsylvania ,,,,,,,,,,,,,,,,,,,,,,,,,,,,,,,,,,,,,,,,,,,,"6,826,124","6,021,655","617,055","1,553,903","164,706","1,415,369","643,184","1,627,438","804,469",,,,,
Rhode Island,,,,,,,,,,,,,,,,,,,,,,,,,,,,,,,,,,,,,,,,,,,,"748,122","710,837","39,611","171,309","13,368","121,237","228,240","124,185","37,284",,,,,
South Carolina ,,,,,,,,,,,,,,,,,,,,,,,,,,,,,,,,,,,,,,,,,,,,"3,466,434","3,154,607","384,565","869,506","41,835","358,725","1,073,339","426,636","311,827",,,,,
South Dakota ,,,,,,,,,,,,,,,,,,,,,,,,,,,,,,,,,,,,,,,,,,,,"615,661","520,305","35,646","176,065","5,796","59,883","138,167","104,746","95,356",,,,,
Tennessee ,,,,,,,,,,,,,,,,,,,,,,,,,,,,,,,,,,,,,,,,,,,,"3,707,056","3,375,504","374,536","988,271","57,641","589,153","662,672","703,232","331,551",,,,,
Texas ,,,,,,,,,,,,,,,,,,,,,,,,,,,,,,,,,,,,,,,,,,,,"14,285,680","13,073,825","1,267,875","3,940,372","248,482","2,286,128","1,161,087","4,169,882","1,211,855",,,,,
Utah ,,,,,,,,,,,,,,,,,,,,,,,,,,,,,,,,,,,,,,,,,,,,"2,844,732","2,539,561","229,323","726,438","67,217","448,569","438,367","629,647","305,171",,,,,
Vermont,,,,,,,,,,,,,,,,,,,,,,,,,,,,,,,,,,,,,,,,,,,,"612,583","580,133","44,766","175,469","13,435","56,407","205,948","84,109","32,449",,,,,
Virginia,,,,,,,,,,,,,,,,,,,,,,,,,,,,,,,,,,,,,,,,,,,,"4,795,163","4,106,889","146,074","1,202,353","70,598","694,592","831,889","1,161,383","688,274",,,,,
Washington ,,,,,,,,,,,,,,,,,,,,,,,,,,,,,,,,,,,,,,,,,,,,"5,850,632","5,153,886","537,080","1,375,660","73,490","711,594","727,135","1,728,927","696,746",,,,,
West Virginia ,,,,,,,,,,,,,,,,,,,,,,,,,,,,,,,,,,,,,,,,,,,,"688,507","600,895","19,219","242,725","9,992","81,427","134,336","113,192","87,612",,,,,
Wisconsin,,,,,,,,,,,,,,,,,,,,,,,,,,,,,,,,,,,,,,,,,,,,"3,889,401","3,591,160","886,836","830,992","74,788","634,183","376,684","787,679","298,240",,,,,
Wyoming ,,,,,,,,,,,,,,,,,,,,,,,,,,,,,,,,,,,,,,,,,,,,"829,955","702,435",(D),"189,858","4,664","68,739","317,546",(D),"127,520",,,,,
Connecticut,,,,,,,,,,,,,,,,,,,,,,,,,,,,,,,,,,,,,,,,,,,,,,,,,,,,,25.6,90.0,75.0,71.0,67.0
Massachusetts,,,,,,,,,,,,,,,,,,,,,,,,,,,,,,,,,,,,,,,,,,,,,,,,,,,,,25.5,88.0,74.0,74.0,66.0
New Hampshire,,,,,,,,,,,,,,,,,,,,,,,,,,,,,,,,,,,,,,,,,,,,,,,,,,,,,25.1,88.0,73.0,72.0,64.0
New York,,,,,,,,,,,,,,,,,,,,,,,,,,,,,,,,,,,,,,,,,,,,,,,,,,,,,24.5,83.0,68.0,67.0,62.0
Michigan,,,,,,,,,,,,,,,,,,,,,,,,,,,,,,,,,,,,,,,,,,,,,,,,,,,,,24.4,84.0,67.0,65.0,60.0
Rhode Island,,,,,,,,,,,,,,,,,,,,,,,,,,,,,,,,,,,,,,,,,,,,,,,,,,,,,24.2,85.0,69.0,64.0,58.0
Vermont,,,,,,,,,,,,,,,,,,,,,,,,,,,,,,,,,,,,,,,,,,,,,,,,,,,,,24.1,83.0,69.0,63.0,60.0
Maine,,,,,,,,,,,,,,,,,,,,,,,,,,,,,,,,,,,,,,,,,,,,,,,,,,,,,24.0,84.0,69.0,64.0,56.0
Virginia,,,,,,,,,,,,,,,,,,,,,,,,,,,,,,,,,,,,,,,,,,,,,,,,,,,,,23.9,80.0,66.0,60.0,57.0
Illinois,,,,,,,,,,,,,,,,,,,,,,,,,,,,,,,,,,,,,,,,,,,,,,,,,,,,,23.9,82.0,64.0,61.0,55.0
Colorado,,,,,,,,,,,,,,,,,,,,,,,,,,,,,,,,,,,,,,,,,,,,,,,,,,,,,23.9,82.0,65.0,61.0,57.0
Delaware,,,,,,,,,,,,,,,,,,,,,,,,,,,,,,,,,,,,,,,,,,,,,,,,,,,,,23.8,79.0,64.0,59.0,56.0
New Jersey,,,,,,,,,,,,,,,,,,,,,,,,,,,,,,,,,,,,,,,,,,,,,,,,,,,,,23.7,79.0,63.0,62.0,53.0
Washington DC,,,,,,,,,,,,,,,,,,,,,,,,,,,,,,,,,,,,,,,,,,,,,,,,,,,,,23.6,70.0,60.0,54.0,51.0
Pennsylvania,,,,,,,,,,,,,,,,,,,,,,,,,,,,,,,,,,,,,,,,,,,,,,,,,,,,,23.5,80.0,64.0,60.0,55.0
California,,,,,,,,,,,,,,,,,,,,,,,,,,,,,,,,,,,,,,,,,,,,,,,,,,,,,22.7,72.0,56.0,53.0,46.0
Maryland,,,,,,,,,,,,,,,,,,,,,,,,,,,,,,,,,,,,,,,,,,,,,,,,,,,,,22.5,69.0,57.0,50.0,47.0
Indiana,,,,,,,,,,,,,,,,,,,,,,,,,,,,,,,,,,,,,,,,,,,,,,,,,,,,,22.5,73.0,57.0,53.0,47.0
Idaho,,,,,,,,,,,,,,,,,,,,,,,,,,,,,,,,,,,,,,,,,,,,,,,,,,,,,22.3,73.0,58.0,49.0,46.0
Washington,,,,,,,,,,,,,,,,,,,,,,,,,,,,,,,,,,,,,,,,,,,,,,,,,,,,,22.2,65.0,54.0,52.0,47.0
South Dakota,,,,,,,,,,,,,,,,,,,,,,,,,,,,,,,,,,,,,,,,,,,,,,,,,,,,,21.9,68.0,54.0,49.0,46.0
Iowa,,,,,,,,,,,,,,,,,,,,,,,,,,,,,,,,,,,,,,,,,,,,,,,,,,,,,21.8,70.0,54.0,44.0,45.0
Kansas,,,,,,,,,,,,,,,,,,,,,,,,,,,,,,,,,,,,,,,,,,,,,,,,,,,,,21.6,67.0,52.0,44.0,41.0
Georgia,,,,,,,,,,,,,,,,,,,,,,,,,,,,,,,,,,,,,,,,,,,,,,,,,,,,,21.4,65.0,49.0,40.0,39.0
Oregon,,,,,,,,,,,,,,,,,,,,,,,,,,,,,,,,,,,,,,,,,,,,,,,,,,,,,21.3,63.0,49.0,43.0,40.0
Minnesota,,,,,,,,,,,,,,,,,,,,,,,,,,,,,,,,,,,,,,,,,,,,,,,,,,,,,21.3,60.0,48.0,47.0,42.0
Alaska,,,,,,,,,,,,,,,,,,,,,,,,,,,,,,,,,,,,,,,,,,,,,,,,,,,,,20.8,60.0,49.0,42.0,36.0
Texas,,,,,,,,,,,,,,,,,,,,,,,,,,,,,,,,,,,,,,,,,,,,,,,,,,,,,20.6,56.0,44.0,39.0,35.0
Wisconsin,,,,,,,,,,,,,,,,,,,,,,,,,,,,,,,,,,,,,,,,,,,,,,,,,,,,,20.5,59.0,42.0,40.0,36.0
Utah,,,,,,,,,,,,,,,,,,,,,,,,,,,,,,,,,,,,,,,,,,,,,,,,,,,,,20.4,58.0,43.0,36.0,34.0
West Virginia,,,,,,,,,,,,,,,,,,,,,,,,,,,,,,,,,,,,,,,,,,,,,,,,,,,,,20.3,61.0,46.0,30.0,32.0
Ohio,,,,,,,,,,,,,,,,,,,,,,,,,,,,,,,,,,,,,,,,,,,,,,,,,,,,,20.3,55.0,43.0,38.0,35.0
North Dakota,,,,,,,,,,,,,,,,,,,,,,,,,,,,,,,,,,,,,,,,,,,,,,,,,,,,,20.3,57.0,43.0,39.0,34.0
Kentucky,,,,,,,,,,,,,,,,,,,,,,,,,,,,,,,,,,,,,,,,,,,,,,,,,,,,,20.2,59.0,43.0,33.0,32.0
Nebraska,,,,,,,,,,,,,,,,,,,,,,,,,,,,,,,,,,,,,,,,,,,,,,,,,,,,,20.1,56.0,40.0,35.0,33.0
Wyoming,,,,,,,,,,,,,,,,,,,,,,,,,,,,,,,,,,,,,,,,,,,,,,,,,,,,,20.0,55.0,41.0,33.0,33.0
Montana,,,,,,,,,,,,,,,,,,,,,,,,,,,,,,,,,,,,,,,,,,,,,,,,,,,,,20.0,52.0,41.0,35.0,32.0
Missouri,,,,,,,,,,,,,,,,,,,,,,,,,,,,,,,,,,,,,,,,,,,,,,,,,,,,,20.0,56.0,41.0,33.0,32.0
Florida,,,,,,,,,,,,,,,,,,,,,,,,,,,,,,,,,,,,,,,,,,,,,,,,,,,,,19.9,53.0,43.0,32.0,29.0
Tennessee,,,,,,,,,,,,,,,,,,,,,,,,,,,,,,,,,,,,,,,,,,,,,,,,,,,,,19.6,54.0,38.0,28.0,28.0
New Mexico,,,,,,,,,,,,,,,,,,,,,,,,,,,,,,,,,,,,,,,,,,,,,,,,,,,,,19.4,48.0,37.0,28.0,27.0
Arkansas,,,,,,,,,,,,,,,,,,,,,,,,,,,,,,,,,,,,,,,,,,,,,,,,,,,,,19.4,53.0,36.0,27.0,26.0
Oklahoma,,,,,,,,,,,,,,,,,,,,,,,,,,,,,,,,,,,,,,,,,,,,,,,,,,,,,19.3,50.0,39.0,26.0,26.0
Louisiana,,,,,,,,,,,,,,,,,,,,,,,,,,,,,,,,,,,,,,,,,,,,,,,,,,,,,19.2,53.0,35.0,24.0,25.0
Arizona,,,,,,,,,,,,,,,,,,,,,,,,,,,,,,,,,,,,,,,,,,,,,,,,,,,,,19.2,47.0,35.0,32.0,27.0
North Carolina,,,,,,,,,,,,,,,,,,,,,,,,,,,,,,,,,,,,,,,,,,,,,,,,,,,,,19.1,46.0,35.0,31.0,25.0
Alabama,,,,,,,,,,,,,,,,,,,,,,,,,,,,,,,,,,,,,,,,,,,,,,,,,,,,,19.1,51.0,35.0,23.0,24.0
Hawaii,,,,,,,,,,,,,,,,,,,,,,,,,,,,,,,,,,,,,,,,,,,,,,,,,,,,,18.9,48.0,32.0,28.0,24.0
Mississippi,,,,,,,,,,,,,,,,,,,,,,,,,,,,,,,,,,,,,,,,,,,,,,,,,,,,,18.6,47.0,29.0,21.0,20.0
South Carolina,,,,,,,,,,,,,,,,,,,,,,,,,,,,,,,,,,,,,,,,,,,,,,,,,,,,,18.3,42.0,30.0,24.0,20.0
Nevada,,,,,,,,,,,,,,,,,,,,,,,,,,,,,,,,,,,,,,,,,,,,,,,,,,,,,17.7,38.0,27.0,21.0,18.0
